Date,Code,Keyword,Title,News_Sentiment
2025-09-10,1332,ニッスイ,「海のエコラベル」水産物の販売量、前年比8％増: イオンなど寄与 - alterna.co.jp,0.835541487
2025-08-18,135A,ＶＲＡＩＮ　Ｓｏｌｕｔｉｏｎ,【材料】 ヴレインＳが急速人気化、ＡＩ外観検査システムの需要旺盛で今期営業６割増益視野 - かぶたん,0.741070271
2025-08-12,1414,ショーボンドホールディングス,ショーボンドHD、19期連続の「増配」を発表し、配当利回り3.5％に！ 年間配当は18年で20.8倍に増加、2026年6月期は前期比6.5円増の｢1株あたり182円｣に - ダイヤモンド・オンライン,0.825165153
2024-11-22,1419,タマホーム,ハウスメーカー受注速報、4社が好調 6カ月連続で増加 - 新建ハウジング,0.833765626
2025-06-11,141A,トライアルホールディングス,トライアル、５月既存店売上高は前年同月比３．６％増、４８カ月連続で前年を上回る 速報 - kabushiki.jp,0.837352574
2024-08-29,1431,Ｌｉｂ　Ｗｏｒｋ,Lib Work、4期連続過去最高の売上高を更新 営業利益も前年比65.7％増のV字回復で、来年度もさらなる成長を見込む - logmi Finance,0.834758639
2023-05-08,1436,グリーンエナジー＆カンパニー,「吾妻高原風力発電所」が運転を開始しました - PR TIMES,0.739623666
2020-05-28,1447,ＳＡＡＦホールディングス,“ 国内初 ”環境IoTデータと気象予報データを融合した新防災サービスの提供を開始 - PR TIMES,0.665585756
2024-11-07,147A,ソラコム,【QAあり】ソラコム、売上高は前年比14.1%増の二桁増収 「SORACOM Air」の契約回線数が700万回線を突破 - logmi Finance,0.827402532
2022-05-14,1518,三井松島ホールディングス,三井松島HD(1518)、｢増配｣を発表して、配当利回り8.2％に！ ｢創業110周年・最高益記念配当｣を実施の2023年3月期は前期比80円増の｢1株あたり160円｣に - ダイヤモンド・オンライン,0.801425815
2025-05-09,151A,ダイブ,観光HRのダイブ、観光業向けSaaSを自社開発 - PR TIMES,0.66213727
2025-03-07,153A,カウリス,【QAあり】カウリス、売上高は前期比23.1％増、営業利益は39.5％増と伸長 既存顧客のアップセルがMRR上昇に貢献 - logmi Finance,0.843707383
2025-07-30,156A,マテリアルグループ,【QAあり】マテリアルグループ、連結粗利は計画どおりに進捗 全てのセグメントで堅調に推移し、前年比+17.9％の成長を実現 - logmi Finance,0.825627446
2025-08-10,1605,ＩＮＰＥＸ,INPEX(1605)、5期連続となる「増配」を発表して、配当利回り4.4％に！ 年間配当は5年で4.1倍に増加、2025年12月期は前期比14円増の｢1株あたり100円｣ - ダイヤモンド・オンライン,0.817617774
2024-11-21,165A,ＳＢＩレオスひふみ,SBIレオスひふみ、運用資産残高の増加に加え投資信託の直販比率が上昇し収益性が改善、新商品が平均報酬率の上昇に寄与 - logmi Finance,0.738021731
2022-08-09,1662,石油資源開発,石油資源開発(1662)、「増配」を発表し、配当利回り6.3％に！ 年間配当額は1年で4.4倍に急増、2023年3月期は前期比で170円増となる｢1株あたり220円｣に - ダイヤモンド・オンライン,0.794460535
2025-05-30,166A,タスキホールディングス,オフバランススキームの信託受益権型私募ファンドを組成～ 運用資産残高の積み上げによりストック収入を拡大 ～ - PR TIMES,0.742396474
2022-11-08,1719,安藤・間,「シールドトンネル」は首位が西松建設、上位7社がそろって増収と好調 - 日経クロステック,0.816283286
2020-11-07,1721,コムシスＨＤ,コムシスHD(1721)、8期連続の「増配」を発表し、配当利回り3.0％に！ 年間配当は8年で4.2倍に増加、2021年3月期は前期比10円増の｢1株あたり85円｣に！ - ダイヤモンド・オンライン,0.809655547
2025-02-20,176A,レジル,【QAあり】レジル、累計ベースで10%弱の増収・利益も想定内レンジで堅調に推移 来期以降を見据えてさらなる伸長を目指す - logmi Finance,0.798561215
2025-06-11,177A,コージンバイオ,コージンバイオ決算、インバウンド需要の拡大で培地販売が好調 - 日経バイオテクONLINE,0.755863547
2025-08-05,1801,大成建,パーカーが急伸し上場来高値、防音材好調で４～６月期最終利益６８％増 - みんかぶ,0.826328218
2025-04-10,1802,大林組,決算:大林組、25年3月期純利益93％増 建築好調で上振れ - 日本経済新聞,0.808941782
2023-10-02,1803,清水建,日本の豆富屋の老舗、1862年創業の染野屋が欧州1号店を スペイン・バルセロナに展開！8ヶ月で179％の売上増加を発表 - アットプレス,0.772745788
2025-08-17,1808,長谷工,建設業のM&A、人手確保で過去最多ペース 1〜6月は5年前比7割増 - 日本経済新聞,0.819838405
2024-06-12,1812,鹿島,鹿島臨海鉄道の最終赤字4458万円 24年3月期決算、旅客数は5％増 - 日本経済新聞,0.780947924
2024-12-25,186A,アストロスケールホールディングス,アストロスケール、宇宙ごみ15メートルまで接近 民間衛星で世界初 - 日本経済新聞,0.683776557
2024-10-22,1878,大東建託,大東建託(1878)、4期連続となる「増配」を発表し、配当利回り3.7％に！ 年間配当は4年で38.4％増加、2025年3月期は前期比75円増の｢1株あたり630円｣に - ダイヤモンド・オンライン,0.822193146
2025-04-24,190A,Ｃｈｏｒｄｉａ　Ｔｈｅｒａｐｅｕｔｉｃｓ,【QAあり】Chordia Therapeutics、研究開発へ先行投資で現預金減少 rogocekibは希少疾病用医薬品指定 - logmi Finance,-0.61653769
2025-02-13,1911,住友林業,決算:住友林業の25年12月期、純利益6%増 海外事業が堅調 - 日本経済新聞,0.836347759
2025-08-20,1925,ハウス,ハウスメーカー受注速報、受注増が7社 ヒノキヤグループ4割増 - 新建ハウジング,0.829176545
2025-03-23,1928,積ハウス,積水ハウス、売上30.6%増 米国戸建てが好調 - 全国賃貸住宅新聞,0.828765035
2025-05-23,192A,インテグループ,インテＧ、今期経常を一転51％減益に下方修正 投稿日時： 2025/05/23 15:30[株探] - みんかぶ,-0.662156999
2025-07-31,1942,関電工,関電工は連日の上場来高値､1Q決算は純利益71％増 - 四季報オンライン,0.801716983
2025-08-15,194A,ＷＯＬＶＥＳ　ＨＡＮＤ,ＷＯＬＶＥＳ ＨＡＮＤ【194A】、今期経常は11％増で6期連続最高益更新へ | 決算速報 - 株探ニュース - かぶたん,0.78962189
2024-02-19,1951,エクシオグループ,【QAあり】テスHD、エンジニアリング事業受注高が約110億円で前年比1.3倍に伸長、脱炭素ニーズを捉え順調に推移 - logmi Finance,0.828702211
2024-12-27,1959,九電工,九州・沖縄、賃上げ持続へ正念場 九電工は24年度8%増 - 日本経済新聞,0.821238697
2024-11-12,1963,日揮ＨＤ,日揮ＨＤ、海外大型案件が進展し増収増益 ９月中間決算、純利益１・５％増 決算 - カナロコ,0.815685391
2023-11-02,1969,高砂熱学工業,高砂熱学、「環境クリエイター」を育成 人的投資100億円増に - NIKKEIリスキリング,0.817792356
2025-07-30,198A,ＰｏｓｔＰｒｉｍｅ,【５％】 ポスプラについて、ダン・タカハシ・エルエルシー(DAN TAKAHASHI LLC)は保有割合が減少したと報告 [変更報告書No.2] - かぶたん,-0.616202891
2025-01-28,2002,日清粉Ｇ,日清製粉グループ本社の純利益3％増 4〜12月決算、自社株買い154億円 - 日本経済新聞,0.772717476
2025-06-25,202A,豆蔵デジタルホールディングス,【特集】 豆蔵デジタルＨＤ Research Memo（4）：2025年3月期は主力事業の好調により増収増益、収益性も改善 - かぶたん,0.818333209
2025-07-15,205A,ロゴスホールディングス,ロゴスHD(205A)、「増配」を発表して、配当利回り4.4％に！ 年間配当は1年で39.8％増加、2026年5月期は前期比18.06円増の「1株あたり63.39円」に！ - ダイヤモンド・オンライン,0.821075618
2025-07-10,206A,ＰＲＩＳＭ　ＢｉｏＬａｂ,Elix、エーザイへAI創薬プラットフォーム「Elix Discovery™」を提供 - PR TIMES,0.61393857
2022-02-15,2124,ジェイエイシーリクルートメント,JACリクルートメント(2124)、「増配」を発表して、配当利回り3.8％に！ 年間配当額は1年で2.7％増加、2022年12月期は前期比2円増の｢1株あたり75円｣に - ダイヤモンド・オンライン,0.815206528
2025-04-28,2127,日本Ｍ＆Ａセンターホールディングス,ユアテック、純利益2%増122億円 26年3月期見通し - 日本経済新聞,0.771593809
2023-06-07,2154,オープンアップグループ,＜幸せな仕事に関する実態調査＞現在の「仕事に対する幸せ度」 2022年度から4ポイント減少 “給与不満”が全体の33%と最大の要因 - PR TIMES,-0.677877128
2025-03-19,2158,ＦＲＯＮＴＥＯ,AI・人工知能に焦点を当てた最先端の展示会「AI博覧会 Spring 2025」に初出展 - 株式会社FRONTEO,0.717692196
2025-05-07,215A,タイミー,コロプラ、2Q(10～3月)決算は売上高10％増、営業益301％増で着地 タイミー株式売却で投資育成事業が好調 『DQウォーク』も業績寄与 - gamebiz【ゲームビズ】,0.81733346
2023-08-18,2160,ジーエヌアイグループ,GNI、子会社のCullgen社とアステラス製薬の契約締結などで過去最高の業績 - 日経バイオテクONLINE,0.711959422
2022-07-15,2168,パソナグループ,パソナG、22年5月期 純利益27%増 BPOなど好調 - ストレイナー,0.804450154
2018-08-15,2173,博展,アディダス上半期はロシアW杯効果で営業利益17％増 - WWDJAPAN,0.823260665
2024-11-25,2181,パーソルホールディングス,パーソルグループ、女性管理職比率26.8％ 前半期比1.2pt増で、過去最高を更新 - persol-group.co.jp,0.781616569
2025-06-17,218A,Ｌｉｂｅｒａｗａｒｅ,Liberaware、屋内ドローン点検活用の認知が進み、3Q売上は前年比＋60％ 初の通期黒字化へ進捗は引き続き順調 - logmi Finance,0.769163311
2025-04-03,2195,アミタホールディングス,アミタHD、持続可能社会への移行支援ニーズを捉え増収増益 2025年度は基盤整備を完遂し着実な業績向上を目指す - logmi Finance,0.72342658
2025-09-19,219A,Ｈｅａｒｔｓｅｅｄ,他家iPS細胞由来心筋球「HS-005」臨床試験 日本ライフラインとの協業が順調に推移 Heartseed - 医薬通信社,0.782101512
2024-05-10,2201,森永製菓,森永製菓、米でハイチュウ好調 24年3月期決算、純利益51％増 - 日本経済新聞,0.825617969
2019-01-23,2222,寿スピリッツ,寿スピリッツ、上期売上高・経常利益は過去最高 インバウンド売上高は前年比39.3％増 - logmi Finance,0.830015242
2020-07-02,2229,カルビー,カルビー、通期の売上高はスナックおよび4Qのシリアル事業が好調で増収となり前期比2.9％増 - logmi Finance,0.84432143
2025-05-13,2264,森永乳業,森永乳業【2264】、今期経常は7％増で4期ぶり最高益、3円増配へ | 決算速報 - 株探ニュース - かぶたん,0.763952255
2024-02-16,2267,ヤクルト本社,ヤクルト本社、2023年4-12月期 「ヤクルト1000」は12％増に 化粧品事業も増収 - online.bci.co.jp,0.826864779
2025-05-12,2269,明治ＨＤ,明治HD 医薬品セグメント売上高は11.4％増の2296億円 レズロック好調で過去最高に - ミクスOnline,0.840678513
2025-05-09,2282,日ハム,決算:日本ハム純利益13％増 26年3月期、主力の「シャウエッセン」伸ばす - 日本経済新聞,0.730255783
2025-07-18,228A,オプロ,【QAあり】オプロ、ARRは前期比+25.0%で着地 継続的な成長によりFY30までにARR100億円達成を目標を目指す - logmi Finance,0.677742422
2022-02-17,2317,システナ,「AI（人工知能）」関連銘柄を解説！「メンバーズ」「システナ」など、AI活用サービスや深層学習などを手掛ける企業のなかで、株価が好調な5銘柄を紹介！ - ダイヤモンド・オンライン,0.751392186
2025-02-05,2327,日鉄ソリューションズ,ＮＳＳＯＬが大幅続伸、鉄鋼・産業・金融分野向け好調で４～１２月期税引き前利益２８％増◇ - みんかぶ,0.830340266
2025-05-16,2370,メディネット,【材料】 メディネット---2Qは増収、細胞加工業が増収に - かぶたん,0.772273302
2024-05-17,2371,カカクコム,【メディア企業徹底考察 #159】「求人ボックス」急進と「食ベログ」Web予約増でカカクコムが2期連続2桁増収 - media-innovation.jp,0.819217205
2018-11-05,2379,ディップ,"アルバイト求人情報サイト「バイトル」が2018年10月アルバイト時給データを発表～全国の平均時給は1,055円。前月比7円増、前年比21円増～ - PR TIMES",0.833549976
2025-05-08,2384,ＳＢＳホールディングス,名古屋高速GW交通量3%増、渋滞回数は前年並み - LOGISTICS TODAY,0.780168355
2025-08-06,2413,エムスリー,決算:エムスリー純利益5％増 4〜6月、製薬会社向け好調 - 日本経済新聞,0.801364124
2025-06-02,241A,ＲＯＸＸ,【ROXX】カカクコムが運営する国内最大級の求人情報の一括検索サービス「求人ボックス」と、「Zキャリア プラットフォーム」の提携開始 - PR TIMES,0.623202741
2024-12-27,2432,ディーエヌエ,DeNA、株価急伸 「ポケポケ」好調でゲーム増収へ - 日本経済新聞,0.746962547
2020-04-24,2438,アスカネット,"2020年度のBtoCサブスク市場は15%増の7,873億円に - マイナビニュース",0.837603867
2025-08-20,244A,グロースエクスパートナーズ,フォルシア webコネクト、JR東海ツアーズ・日本旅行が販売する「EX旅パック」「EX旅先予約」の割引クーポン機能のUI/UX向上に貢献 - PR TIMES,0.635073841
2025-09-08,245A,ＩＮＧＳ,【材料】 ＩＮＧＳがしっかり、ラーメン事業の８月直営既存店売上高は４．３％増 - かぶたん,0.825615406
2025-07-14,246A,アスア,実証で見えた｢積載効率｣の壁、荷主協力が不可欠に - LOGISTICS TODAY,0.425648481
2025-05-14,247A,Ａｉロボティクス,Ａｉロボティクス【247A】、今期経常は97％増で4期連続最高益更新へ | 決算速報 - 株探ニュース - かぶたん,0.790514708
2025-08-15,248A,キッズスター,子どものオンライン診療アプリ「キッズドクター」が熊本県天草市立牛深市民病院・河浦病院と連携を開始 - PR TIMES,0.677572131
2024-05-15,2497,ユナイテッド,ユナイテッドアローズ、EC売上は5.4％増の320億円 自社ECは二桁増収 - 日本ネット経済新聞,0.832749248
2025-02-13,2501,サッポロＨＤ,ビール販売8%増 1月、飲食店でインバウンド来店増加 - 日本経済新聞,0.828769505
2019-01-29,2502,アサヒ,アサヒ飲料／2018年は4.1％増の2億6613万箱販売、16年連続増加 - 流通ニュース,0.828186095
2024-03-22,2503,キリンＨＤ,12月期企業、純利益最高に 今期見通し、2割増の5兆5900億円 食品や半導体が堅調 - 日本経済新聞,0.839220643
2018-06-04,2531,宝ホールディングス,関西企業の設備投資18.3%増 「中食」「安全」に重点 - 日本経済新聞,0.791674852
2025-02-14,2587,サントリー食品インターナショナル,サントリー食品、売上前年比6.6％増 『伊右衛門 濃い味（機能性表示食品）』、「特茶」が好調を維持 - ウェルネスデイリーニュース,0.819978833
2024-07-03,2670,エービーシー・マート,ABCマート 決算／3～5月、国内外事業ともに堅調で増収増益 - 流通ニュース,0.821850955
2024-12-03,2678,アスクル,アスクル／11月はASKUL事業7.5％増、LOHACO事業2.9％増 - 流通ニュース,0.84251821
2019-07-01,2685,アダストリア,アダストリアが2020年2月期 第1四半期決算を公表 純利益は32億67百万円（前年同期比1266.2％増） - ECのミカタ,0.845288157
2022-11-07,2702,日本マクドナルドホールディングス,マクドナルド／10月は「月見ファミリー」好調、既存店売上高9.0％増 - 流通ニュース,0.843500197
2025-04-17,2726,パルグループホールディングス,パルグループHD、EC売上9.9％増の531億円 自社ECは16.2％増と高成長 - 日本ネット経済新聞,0.837043405
2022-10-29,2760,東京エレクトロン　デバイス,東京エレクトロン デバイス、3期連続｢増配｣を発表、配当利回り5.1％に！ 年間配当は3年で3.4倍に増加、2023年3月期は前期比105円増の｢1株あたり310円｣ - ダイヤモンド・オンライン,0.823293746
2025-07-31,2767,円谷フィールズホールディングス,円谷フィールズHD 第1四半期決算は営業益210％増、遊技機販売台数は前期比225％増で好調に推移 - P-WORLD,0.842893064
2023-08-10,2768,双日,バロックジャパンリミテッド、第1四半期は売上8.6％増で着地 「ZOZOTOWN」などECモール好調 - 日本ネット経済新聞,0.842111111
2025-02-05,2801,キッコマン,キッコーマン【2801】、4-12月期(3Q累計)最終は13％増益で着地 | 決算速報 - 株探ニュース - かぶたん,0.698509276
2025-02-07,2802,味の素,製造業が増益に転換 4〜12月8%増、AI・インフラ好調 - 日本経済新聞,0.828260362
2020-09-16,2811,カゴメ,カゴメ、2Qの売上収益は前年比プラス0.3％ 国内加工食品事業における飲料や調味料などの売上が増加 - logmi Finance,0.811300099
2020-11-04,2871,ニチレイ,ニチレイ(2871)、創立75周年の「記念配当」を発表して、配当利回り1.82％に！ 6期連続の｢増配｣となる2021年3月期は前期比8円増の｢1株あたり50円｣に！ - ダイヤモンド・オンライン,0.801186621
2020-12-06,2875,東洋水産,絶好のタイミングで香川照之さんを起用 話題性と商品力で売上前年比200％増 - 宣伝会議,0.805778921
2025-05-12,2897,日清食品ホールディングス,日清食品HD、売上、前年比6％増 低温・飲料事業チルド事業は同6.4％増 - ウェルネスデイリーニュース,0.830289483
2025-07-31,2914,ＪＴ,JT（日本たばこ産業）、「増配」を発表し、配当利回りが4.8％にアップ！ 年間配当額は1年で7.2％増加、2025年12月期は前期比14円増の｢1株あたり208円｣ - ダイヤモンド・オンライン,0.82084769
2025-09-12,2934,ジェイフロンティア,スピック、2025年3月期 売上は6％増の58億円 「Lypo-C」のEC売上は半分以上 - online.bci.co.jp,0.824855268
2024-06-25,2936,ベースフード,【自主回収乗り越え高成長の要因は？】ベースフード 太田里沙氏「全チャネル成長で売上50.9％増」 - 日本ネット経済新聞,0.827920496
2023-11-16,2937,サンクゼール,サンクゼール、第2四半期のEC売上は5.9％増の5.2億円 アプリで店舗とECの相互送客が奏功 - 日本ネット経済新聞,0.83073467
2025-09-12,2978,ツクルバ,ツクルバ 2025年7月期 通期決算を発表 売上高、売上総利益、営業利益が過去最高値を更新 2026年7月期は売総20%増、営利35%増を見込む - 株式会社ツクルバ,0.821182966
2021-09-28,2986,ＬＡホールディングス,シニア女性のスマホ保有率がいよいよ9割超。10年で0%から92.2%に増加。スマホ決済や動画視聴での利用が急伸し、60代まではSNS利用も増加。9月に設立したデジタル庁には「セキュリティ強化」を期待 | 株式会社ハルメクホールディングスのプレスリリース - PR TIMES,0.737870395
2024-12-24,2998,クリアル,クリアル Research Memo（1）：2025年3月期第2四半期は大幅増収増益。通期で大幅な成長を計画 執筆： Fisco - Investing.com - FX | 株式市場 | ファイナンス | 金融ニュース,0.763838053
2023-10-29,3003,ヒューリック,ヒューリック(3003)、11期連続の｢増配｣を発表し、配当利回り3.5％に！ 年間配当は11年で19倍に増加、2023年12月期は前期比6円増の｢1株あたり48円｣に！ - ダイヤモンド・オンライン,0.817054987
2021-09-17,3038,神戸物産,神戸物産news｜売上高2674億円3.1%増･経常利益20%増/PB比率アップ - 流通スーパーニュース,0.830961704
2022-11-24,3063,ジェイグループホールディングス,【札幌市内初】オリジナル電子マネープラットフォーム「Pokepay」を活用した「かけはしPay」の利用がスタート - PR TIMES,0.740313053
2020-09-03,3064,ＭｏｎｏｔａＲＯ,ゲオホールディングス、第1四半期のEC売上31%増 セカスト好調で - 日本ネット経済新聞,0.828432441
2025-02-03,3086,Ｊフロント,大手百貨店／1月売上高三越伊勢丹18.8％増、J.フロント11.8％増 - 流通ニュース,0.847428501
2025-08-18,3088,マツキヨココカラ＆カンパニー,マツキヨココカラnews｜第1Q売上高2736億円5.3％増･経常利益14.6%増 - 流通スーパーニュース,0.842225075
2024-11-05,3092,ＺＯＺＯ,ZOZOの取扱高2791億円で7.9%増、営業利益304億円で5.3%増、広告売上52億円で約23%増【2024年中間期】 - ネットショップ担当者フォーラム,0.842853665
2025-02-03,3099,三越伊勢丹,大手百貨店／1月売上高三越伊勢丹18.8％増、J.フロント11.8％増 - 流通ニュース,0.847428501
2024-05-24,3107,ダイワボウホールディングス,【QAリンクあり】ダイワボウHD、企業・官公庁向けIT投資需要を着実に獲得し増収増益 売上・利益ともに業績予想を上回り着地 - logmi Finance,0.825892925
2023-10-31,3116,トヨタ紡織,トヨタグループ7社、23年9月中間決算は全社が売上高最高 自動車の生産増や円安が寄与：ニュース - 中日BIZナビ,0.776336789
2025-05-08,3132,マクニカホールディングス,マクニカが3日続落､26年3月期は純利益6％増 - 四季報オンライン,0.788470209
2019-12-07,3133,海帆,牛丼がスローながら着実に成長「すき家」と「吉野家」の既存店 - M＆A Online,0.665490389
2025-08-15,3140,ＢＲＵＮＯ,【材料】 BRUNO---25年6月期は営業利益200％増、純利益は黒字転換 BRUNOが成長軌道を加速 - かぶたん,0.78601408
2022-12-16,3141,ウエルシアホールディングス,ウエルシア／11月既存店売上高は4.2％増、客数1.8％増 - 流通ニュース,0.845463276
2025-07-14,3148,クリエイトＳＤホールディングス,クリエイトSDnews｜年商4571億円8%増･経常利益12%増の増収増益 - 流通スーパーニュース,0.836157918
2024-09-19,3186,ネクステージ,「合同企業説明会」「採用業務アウトソーシング」の累計受注が前年同時期比130％に伸長～直接対面型採用企画、採用業務代行の需要増が引き続き後押し～ | 株式会社アクセスグループ・ホールディングスのプレスリリース - PR TIMES,0.807180703
2024-05-30,3187,ミラタップ,サンワカンパニー、中間期の住設・建材EC売上4.5％増の74億円 リピート購入増など奏功 - 日本ネット経済新聞,0.828979552
2024-07-31,3231,野村不動産ホールディングス,野村不動産HD、通期業績予想に対して順調な進捗 住宅部門は分譲の計上戸数の増加、平均価格の上昇により増収増益 - logmi Finance,0.817662716
2021-02-13,3288,オープンハウスグループ,オープンハウス(3288)、8期連続の｢増配｣を発表し、配当利回り2.24％に！ 年間配当は8年で16倍に増加、2021年9月期は前期比20円増の｢1株あたり100円｣に - ダイヤモンド・オンライン,0.822226048
2023-11-10,3289,東急不ＨＤ,住友不動産4〜9月、純利益が13%増 マンション販売好調 - 日本経済新聞,0.827246249
2021-03-08,3291,飯田グループホールディングス,飯田グループホールディングス、「増配」を発表し、配当利回り2.6％に！ 年間配当額は1年で6.4％増加、2021年3月期は前期比4円増の｢1株あたり66円｣に！ - ダイヤモンド・オンライン,0.82134974
2023-03-01,3300,アンビション　ＤＸ　ホールディングス,"アンビション DX HD、増収・大幅増益、プロパティマネジメント事業の管理戸数は前期比＋1,436戸と順調に増加 - logmi Finance",0.844726563
2024-02-19,3349,コスモス薬品,【月次】上場DgS企業、1月売上高8.03%増、既存店は4.50%増 - Hoitto! ヘルスケアビジネス,0.843648732
2020-12-10,3360,シップヘルスケアホールディングス,大阪府門真市に新医療材料物流拠点「大阪ソリューションセンター」が竣工（小西医療器株式会社） - PR TIMES,0.683247566
2025-08-06,3382,セブン＆アイ,セブン、国内コンビニ1000店増 30年度に営業収益13%増の11.3兆円 - 日本経済新聞,0.844607651
2020-03-17,3391,ツルハホールディングス,ツルハnews｜第3Q売上高6356億円6.7%増･経常14.5%増/食品･PB伸長 - 流通スーパーニュース,0.841400623
2018-08-20,3401,帝人,"帝人、1Q売上高は前期比9.1％増の2,164億円 マテリアル領域事業が堅調 - logmi Finance",0.843839705
2023-05-23,3402,東レ,東レグループの中国・東麗合成繊維南通 3ヵ年で売上高20% 増へ - 繊研新聞,0.82849437
2023-08-25,3405,クラレ,《繊維トップに聞く》クラレトレーディング・クラベラ事業部長 安河内裕史氏 縫製品が順調に推移 - 繊研新聞,0.774211943
2025-08-20,3407,旭化成,ハウスメーカー受注速報、受注増が7社 ヒノキヤグループ4割増 - 新建ハウジング,0.829176545
2025-07-28,3418,バルニバービ,エイトデザイン株式会社が手がけるコミュニティ拠点。中川運河堀止地区にて着工、2026年開業へ - PR TIMES,0.689994156
2020-06-11,3436,ＳＵＭＣＯ,サムコ（6387）、配当予想の修正（増配）を発表し、配当額は8年で2倍にアップ！ 2020年7月期は前期比5円増の「1株あたり25円」で、配当利回り1.1％に！ - ダイヤモンド・オンライン,0.797067165
2021-11-25,3465,ケイアイスター不動産,30代を中心に暮らしやすい平屋を選ぶファミリーが増加 シニアやご夫婦、お一人様も堅調で多様な顧客層から注目 - PR TIMES,0.802494466
2023-01-02,3479,ティーケーピー,【日本株】2023年の｢おすすめ新興株｣を紹介！ 貸し会議室サービスの｢ティーケーピー｣と、AIベンチャーの｢Appier Group｣は業績好調でアナリストも高評価 - ダイヤモンド・オンライン,0.7633515
2020-12-15,3491,ＧＡ　ｔｅｃｈｎｏｌｏｇｉｅｓ,GA technologies/通期売上高は前年比61％増 - logmi Finance,0.83298111
2024-06-28,3496,アズーム,株式会社アズームの「スマート空間予約」システムが地方公共団体に導入されました - PR TIMES,0.72786814
2020-04-09,3542,ベガコーポレーション,家具インテリアD2C LOWYA（ロウヤ）旗艦店 3月受注金額が過去最高の7億円を突破（前年同月比93.9％増） - PR TIMES,0.82466352
2025-07-03,3549,クスリのアオキホールディングス,クスリのアオキnews｜’25年商5015億円14.8%増･営業利益43.3%増 - 流通スーパーニュース,0.841659367
2024-05-10,3558,ジェイドグループ,バロックジャパンリミテッド、EC売上0.6％増の106億円超 2024年2月期他社ECが伸長 - online.bci.co.jp,0.808878243
2025-08-06,3563,ＦＯＯＤ　＆　ＬＩＦＥ　ＣＯＭＰＡＮＩＥＳ,F＆LC－売り買い交錯 通期営業益を上方修正 3Q累計は68％増〔DZH 個別株情報〕(時事通信) - Yahoo!ファイナンス,0.803008437
2020-02-10,3623,ビリングシステム,｢グロース500｣年平均増収率ランキング - 四季報オンライン,0.734323442
2020-01-24,3626,ＴＩＳ,テルモ、上期はTIS事業がグループ全体を牽引し増収増益 すべての地域で心臓血管が二桁伸長 - logmi Finance,0.80666697
2023-04-24,3635,コーエーテクモホールディングス,コーエーテクモ、第4四半期決算は売上66％増の289億円、営業益118％増の161億円と最高水準 『WILD HEARTS』『Wo Long』など新作貢献、モバイル最高売上 - gamebiz【ゲームビズ】,0.836290479
2024-05-14,3653,モルフォ,モルフォAIソリューションズが名古屋大学減災連携研究センターに「FROG AI-OCR」を提供開始 図書検索システムの利便性向上に寄与 - ロボスタ,0.741023421
2023-02-09,3659,ネクソン,ネクソン、22年12月期決算は売上収益3537億円と過去最高 『アラド』や『ブルアカ』『メイプル』『HIT2』など貢献 費用増も増収効果で営業益13%増の1036億円 - gamebiz【ゲームビズ】,0.835307896
2021-08-06,3692,ＦＦＲＩセキュリティ,SKYSEA Client View「EDRプラスパック」に対応したSOC連携サービスの提供を開始しました - PR TIMES,0.700467288
2022-08-18,3697,ＳＨＩＦＴ,Branding Engineer/今期は前期比55%増の大幅増収を計画 - logmi Finance,0.825968802
2023-05-12,3723,日本ファルコム,日本ファルコム、第2四半期(10～3月)決算は売上高23％増、営業益32％増に 「イース」「軌跡」シリーズの海外展開でライセンス部門が伸長 - gamebiz【ゲームビズ】,0.837056696
2021-02-16,3765,ガンホー・オンライン・エンターテイメント,ガンホー、第4四半期は営業利益291％増の111億円と大幅増益 『パズドラ』鬼滅の刃コラボ奏功 『Ragnarok X』と『Ragnarok Origin』も貢献 - gamebiz【ゲームビズ】,0.761869669
2022-08-09,3769,ＧＭＯペイメントゲートウェイ,GMO-PSの後払い決済サービスは順調に成長、三井住友カードと協力して対面等を開拓へ - ペイメントナビ,0.782698452
2024-03-28,3773,アドバンスト・メディア,北海道上士幌町で走行する“自動運転バス”に自治体初※1となる「AI車掌」を導入 - PR TIMES,0.716322482
2025-08-07,3774,インターネットイニシアティブ,IIJ第1四半期は増収増益、JALモバイルが好調 - ケータイ Watch,0.819813967
2025-07-08,3777,環境フレンドリーホールディングス,Octa Roboticsが、新サービス「LCI Box J」をリリースしました - PR TIMES,0.720738828
2025-05-12,3793,ドリコム,ドリコム、26年3月期は『ウィズダフネ』通年寄与で営業益792％増の10億円とV字回復を計画 「ウィザードリィ」経済圏は100億円規模に成長 - gamebiz【ゲームビズ】,0.807349443
2025-05-09,3861,王子ＨＤ,（短信）OKI、今期純利益12%増 配当5円増 - 日本経済新聞,0.831466854
2023-06-02,3900,クラウドワークス,viviONグループ、総売上が100億増の454億円に 電子コミック事業と海外事業が牽引 - 日本ネット経済新聞,0.822302341
2025-05-15,3904,カヤック,2025年12月期第1四半期決算は増収増益、第1四半期として過去最高の売上高 - 面白法人カヤック,0.801581144
2024-07-14,3905,データセクション,三井物産、データセンターに5000億円投資 AI需要増で - 日本経済新聞,0.796797574
2023-05-16,3911,Ａｉｍｉｎｇ,KADOKAWAの23年3月期のゲーム事業は売上高56%増の303億円、営業利益173％増の142億円…『エルデンリング』けん引、『カゲマス』も貢献 - gamebiz【ゲームビズ】,0.835046947
2025-02-04,3914,ＪＩＧ－ＳＡＷ,【材料】 JIG-SAW---24年12月期増収・純利益増益、上場以来40四半期連続で過去最高の月額課金売上を計上 - かぶたん,0.720469058
2025-08-14,3923,ラクス,【材料】 ラクスが年初来高値を連日更新、クラウド事業が好調で４～６月期最終益が７１％増 - かぶたん,0.828228831
2022-08-12,3979,うるる,"入札情報速報サービス「NJSS」、入札に新規参入する企業の増加が後押しし、有料契約件数5,000件を突破 - PR TIMES",0.743638515
2020-02-25,3989,シェアリングテクノロジー,過去3年間の増収率平均 中堅、上場全体の2倍 - 日本経済新聞,0.71876061
2020-02-25,3991,ウォンテッドリー,過去3年間の増収率平均 中堅、上場全体の2倍 - 日本経済新聞,0.71876061
2025-07-29,4004,レゾナック,合成ゴム特集 レゾナック ショウプレン需要は比較的安定 手術用向け東南アジアを中心に堅調 - ゴムタイムス,0.769883931
2023-10-23,4005,住友化,【マンションリフォーム売上ランキング2023】住友不動産1位、前年比11％増の223億円に - リフォーム産業新聞,0.832458436
2025-05-21,4011,ヘッドウォータース,BTM、通期は売上・利益とも計画を上回る好調な着地 売上高は50.9億円、前年比22.8％増で過去最高を更新 - logmi Finance,0.836876988
2024-04-04,4013,勤次郎,「Universal 勤次郎〈健康経営〉」で提供する健康セルフケアアプリ「ヘルス×ライフ」がAI予測機能を強化 - 共同通信PRワイヤー,0.708895922
2021-10-13,4015,ペイクラウドホールディングス,お店オリジナルPayを発行できる新サービス「アララ キャッシュレス」、11月より提供開始 NTTドコモ「iD」対応店舗158万カ所で利用が可能に - PR TIMES,0.729169846
2023-05-11,4021,日産化,日産、2022年度通期決算は売上高2兆1721億円増の10兆5967億円、営業利益1298億円増の3771億円で増収増益 - Car Watch,0.837747157
2025-05-13,4042,東ソー,東ソー純利益7%増、26年3月期 樹脂・セメントなど好調 - 日本経済新聞,0.83015573
2025-05-07,4043,トクヤマ,【QAあり】トクヤマ、半導体関連製品が牽引し前年比増収増益で着地 2026年度は売上高・営業利益・経常利益とも過去最高見込み - logmi Finance,0.80364871
2024-02-13,4051,ＧＭＯフィナンシャルゲート,決算:GMO、23年12月期純利益7％増 ネットインフラ事業好調 - 日本経済新聞,0.783847988
2025-07-07,4054,日本情報クリエイト,九州・沖縄の設備投資15%増 ふくおかFGは銀行アプリ自社開発 - 日本経済新聞,0.764910519
2025-08-06,4055,ティアンドエスグループ,セブンイレブン1000店舗増へ 飽和国内コンビニ市場で規模拡大 - au Webポータル,0.776140988
2024-08-01,4056,ニューラルグループ,西武リアルティソリューションズと住友商事が共同開発した所沢駅西口の広域集客型商業施設「エミテラス所沢」へデジスルー導入 - PR TIMES,0.681274056
2023-03-01,4058,トヨクモ,トヨクモの「安否確認サービス2」、cybozu.comからユーザー情報の取り込みが可能に - クラウド Watch,0.641723692
2018-07-12,4061,デンカ,デンカ、17年度は先行投資が増加するも、電子・先端プロダクツ部門が好調 各利益で過去最高益更新 - logmi Finance,0.805766225
2024-04-17,4062,イビデン,中部の25年春大卒採用、最高の25%増 JR東海は35%増 - 日本経済新聞,0.828670859
2025-08-01,4063,信越化,カナカン 商談会で「北信越ガストロノミー」提唱 1Qは売上高4％増 能登が回復傾向に - 食品新聞 WEB版,0.825352788
2025-04-23,4074,ラキール,ラキール、広島県呉市に新オフィスを開設。100％子会社「ラキール呉」も設立し、最新技術を扱うシステム開発拠点で地方創生を目指す - PR TIMES,0.630895734
2023-04-06,4088,エア・ウォーター,エア・ウォーター、トマト生産5割増 北海道・千歳で - 日本経済新聞,0.799629509
2023-01-12,4091,日本酸素ホールディングス,大陽日酸、熊本で面積2倍の物流拠点 需要増見込む - 日本経済新聞,0.737303615
2020-04-10,4151,協和キリン,協和キリン/海外医薬品が大きく伸長して通期売上収益は前年比増 - logmi Finance,0.833554387
2024-11-20,4165,プレイド,独自のクラウドサービス武器に受注拡大､業績好調なIT銘柄 - 四季報オンライン,0.745513558
2024-08-19,4168,ヤプリ,ヤプリ（4168）の財務情報ならログミーFinance ヤプリ、売上・営業利益ともにYoYで堅調に推移 契約アプリ数が大きく伸長 - logmi Finance,0.811429262
2023-07-12,4169,ＥＮＥＣＨＡＮＧＥ,エネチェンジ、スーツ専門店AOKIの2店舗に6kWのEV充電器を設置 神奈川県・愛知県の店舗を皮切りに、全国の店舗に設置拡大予定 - PR TIMES,0.749374032
2024-03-15,4175,ｃｏｌｙ,coly、24年1月期決算は売上高8％減、8.1億円の営業赤字を計上 運営中ゲームのゲームが伸び悩む 『ブレイクマイケース』の開発費用も増加 - gamebiz【ゲームビズ】,-0.711147904
2025-06-19,4176,ココナラ,【ココナラ カテゴリ別トレンドレポート①：Vtuber編】Vtuber関連サービスの取引規模が拡大 5年前と比較し、流通高は約4.2倍に - PR TIMES,0.749357879
2024-04-10,4182,三菱瓦斯化学,三菱ガス化学、米国で半導体の洗浄薬品を増産 需要増で - 日本経済新聞,0.766317904
2021-07-19,4183,三井化学,三井化学/通期のコア営業利益は前年比18％増 - logmi Finance,0.836257815
2021-04-02,4186,東京応化工業,東京応化の韓国法人の2020年売上高は前年比25％増、純利益は127％増 - マイナビニュース,0.84673214
2022-10-31,4188,三菱ケミＧ,日本電解 EV向け銅箔、生産7割増 - 日本経済新聞,0.813070059
2024-02-06,4192,スパイダープラス,2023年の建設工事受注高は17.2兆円、前年比4％増加：産業動向 - ITmedia,0.793494105
2025-09-11,4194,ビジョナル,決算：「ビズリーチ」のビジョナルの25年7月期、純利益23%増 転職市場好調で - 日本経済新聞,0.831895888
2018-07-09,4202,ダイセル,ダイセル、通期営業利益は前期比8.4％減 工場火災事故の損失が波及 - logmi Finance,-0.710064232
2024-08-05,4203,住友ベークライト,住友ベークライトの純利益23%増 4~6月決算、電気自動車向け樹脂が好調 - 日本経済新聞,0.827870548
2025-06-16,4204,積水化学工業,積水化学工業、リフォーム売上高は3%増の1072億円に - リフォーム産業新聞,0.829875767
2021-11-22,4208,ＵＢＥ,合成ゴム特集 宇部興産 タイヤ用途が堅調推移 高付加価値な製品拡大図る - ゴムタイムス,0.781871974
2025-08-14,4258,網屋,【材料】 網屋---2Qも2ケタ増収増益、データセキュリティ事業・ネットワークセキュリティ事業ともに順調に推移 - かぶたん,0.828086793
2023-12-25,4259,エクサウィザーズ,ChatGPTなど生成AIを｢業務で日常使用｣は3割 、8カ月で約25ポイント増、活用促進の施策と全社導入が利用率向上のカギ 〜全社導入で利用率が約30ポイント増、経営層の4分の1が業務で本格利用、 当社経団連後援セミナー - 株式会社エクサウィザーズ,0.820108175
2024-08-20,4263,サスメド,【QAあり】サスメド、強固な財務基盤のもと投資を継続 臨床試験システムの追加機能や不眠症治療アプリ等で収益拡大を目指す - logmi Finance,0.661762953
2025-04-18,4264,セキュア,バリオセキュア、営業・当期利益が予算達成 今期は営業利益20％増益目標、国産BPO型セキュリティに堅調な需要 - logmi Finance,0.81458801
2025-04-23,4270,ＢｅｅＸ,BeeX、ストック型ビジネスが順調に成長し、増収増益で着地 スカイ365の子会社化によりMSPサービスの拡大に注力 - logmi Finance,0.813286901
2025-07-28,4307,野村総研,決算:野村総研の純利益17%増 4〜6月、国内金融向けが好調 - 日本経済新聞,0.832249343
2025-07-31,4308,Ｊストリーム,【材料】 Ｊストリーム---1Q増収・営業利益増、OTT領域の販売が伸長 - かぶたん,0.8096627
2022-02-24,4324,電通グループ,広告費、ネットが初の「マスコミ全体」超え 全体は2年ぶり増加 - 朝日新聞,0.810874999
2023-08-21,4371,コアコンセプト・テクノロジー,【QAあり】CCT、2Qは増収増益 DX支援事業・IT人材調達支援事業ともに増収傾向を維持し順調に推移 - logmi Finance,0.840129137
2022-11-18,4374,ＲＯＢＯＴ　ＰＡＹＭＥＮＴ,ROBOT PAYMENT/売上高は前年同期比25.8%増収と堅調に推移 - logmi Finance,0.836322069
2022-11-07,4375,セーフィー,マクドナルド／10月は「月見ファミリー」好調、既存店売上高9.0％増 - 流通ニュース,0.843500197
2023-11-10,4376,くふうカンパニー,【トクバイ調査】日本でも注目度上昇中の「ブラックフライデー」、スーパーなど、セールやイベントの施策が決定している企業は昨年比で約1割増！ - PR TIMES,0.796074152
2024-02-13,4377,ワンキャリア,ミライト・ワン、受注高は前年比9％増、企業／環境社会基盤ドメインが伸長、みらいドメインも着実に成長 - logmi Finance,0.839636385
2025-08-05,4385,メルカリ,メルカリ6月期、過去最高益を計上…流通取引総額が前期比4％増で着地 - 通販通信ECMO,0.831843257
2024-06-17,4389,プロパティデータバンク,【QAあり】プロパティデータバンク、複数プロジェクトで案件大型化が想定以上に進捗 不動産領域外の一般事業の案件も順調に増加 - logmi Finance,0.812952399
2024-12-25,4393,バンク・オブ・イノベーション,BOI、24年9月期の研究開発費は61％増の8億7400万円と過去最高…新作大型RPGや『恋庭』改良版・海外版、3つの新サービスを開発 - gamebiz【ゲームビズ】,0.787609458
2020-08-19,4401,ＡＤＥＫＡ,樹脂添加剤は減収減益 ＡＤＥＫＡの４～６月期 - ゴムタイムス,-0.705781758
2024-11-09,4403,日油,油研工業（6393）、4期連続の「増配」を発表して、配当利回り5.9％に！ 年間配当は4年で1.6倍に増加、2025年3月期は前期比25円増の｢1株あたり130円｣に - ダイヤモンド・オンライン,0.814534664
2023-01-19,4413,ボードルア,ボードルア、3Qは通期予想達成に向けて堅調に進捗 2026年2月期までの中期経営計画を策定 - logmi Finance,0.677586317
2025-02-12,4414,フレクト,【QAあり】フレクト、旺盛な需要とプロジェクトの健全な進捗により、3Qは過去最高の四半期売上高・段階利益を達成 - logmi Finance,0.715209186
2024-10-08,4417,グローバルセキュリティエキスパート,投資情報ランキング(5)今期増収率、オプティマス2.5倍で首位 中小型株 人材やDX関連も上位 - 日本経済新聞,0.741696477
2024-03-15,4418,ＪＤＳＣ,オープンハウスグループとJDSCが「営業活動」をデータサイエンスで解明 「働き方改革」実現へ、効果的な行動を導く実証をスタート - PR TIMES,0.662038267
2025-08-06,4419,Ｆｉｎａｔｅｘｔホールディングス,スマートプラス、証券ビジネスプラットフォーム「BaaS」で業界初のパスキー認証機能を導入 - PR TIMES,0.697716773
2024-11-14,4425,Ｋｕｄａｎ,【QAあり】Kudan、売上高が前年比倍増で伸長し、通期予算達成に向け順調な進捗 下期に複数の大型案件のデリバリーを見込む - logmi Finance,0.773081481
2023-09-03,4431,スマレジ,日本最大の美容室グループの新しいブランド「チョキペタ」。メンテナンスに特化したサロンが好調なワケ - InterFM,0.739844859
2022-12-27,4436,ミンカブ・ジ・インフォノイド,来期を先読み！｢グロース500｣企業の来期増収率トップ100 - 四季報オンライン,0.676737607
2024-09-06,4442,バルテス・ホールディングス,テスト資格の試験対策アプリ『テス友』がJSTQB FL最新シラバス「Version 2023V4.0.J01」に対応しました - PR TIMES,0.631500959
2020-08-19,4448,ｋｕｂｅｌｌ,ビジネスチャット「Chatwork」2Q20決算：テレワーク特需等で+40%増収 - ストレイナー,0.786650896
2018-08-03,4452,花王,花王、上半期の営業利益が前年比34億円増 中間期としては売上、利益とも過去最高 - logmi Finance,0.823890626
2024-02-15,4475,ＨＥＮＮＧＥ,【QAあり】HENNGE、売上高は前期比+23.8% 売上成長のドライバーであるHENNGE One事業は前期比+24.1%と順調に成長 - logmi Finance,0.798429072
2024-06-25,4477,ＢＡＳＥ,【自主回収乗り越え高成長の要因は？】ベースフード 太田里沙氏「全チャネル成長で売上50.9％増」 - 日本ネット経済新聞,0.827920496
2025-08-21,4478,フリー,フリー、調整後営業利益18億超で黒字化 25年6月期決算、売上高も前期比30.8％増 - 週刊BCN＋,0.82048285
2025-08-18,4482,ウィルズ,ウィルズ、上期の連結売上高は前期比112.0% プレミアム優待倶楽部における既存顧客の株主優待ポイント増加等が貢献 - logmi Finance,0.766775489
2022-05-24,4488,ＡＩ　ｉｎｓｉｄｅ,ナレッジスイート、DX事業の大幅な伸長により、連結売上収益は前年比＋36.2％成長 営業利益は着実に推移 - logmi Finance,0.819536507
2024-10-22,4490,ビザスク,【QAあり】ビザスク、2Qは概ね想定どおりの着地 取扱高と営業収益ともに前年比約12％成長、調整後EBITDAは前年比約26％増加 - logmi Finance,0.81294471
2024-11-29,4493,サイバーセキュリティクラウド,2024年上半期の国内ソフトウェア市場は前年比10.8％増、AIやセキュリティの需要などで成長─IDC - IT Leaders,0.835458279
2024-02-16,4495,アイキューブドシステムズ,"アイキューブドシステムズ、前年比増収増益、導入法人数は5,700社を突破、国内MDM市場で13年連続シェアNo.1を獲得 - logmi Finance",0.767696381
2025-07-03,4498,サイバートラスト,サイバートラスト Research Memo（5）：2025年3月期は計画を上回る大幅増収増益で着地 - みんかぶ,0.780769527
2025-08-20,4502,武田,主要製薬10社、今期国内売り上げは1%台増で推移…武田4年ぶり1Q増収、エーザイや第一三共好調 - answers.and-pro.jp,0.827742338
2022-06-06,4503,アステラス,主要製薬12社、海外売上収益比率は2ポイント増の64%に…エーザイなど大きく拡大 - answers.and-pro.jp,0.816523612
2021-02-08,4506,住友ファーマ,大日本住友製薬、主に日本、北米セグメントの増収が貢献し3Q累計の売上収益は10.6％増 - logmi Finance,0.844353378
2025-08-20,4507,塩野義,主要製薬10社、今期国内売り上げは1%台増で推移…武田4年ぶり1Q増収、エーザイや第一三共好調 - answers.and-pro.jp,0.827742338
2021-05-11,4516,日本新薬,小野薬品、2021年3月期の売上収益は3092億円、オプジーボ好調で3期連続の増収増益 - 日経バイオテクONLINE,0.819186091
2018-11-28,4519,中外薬,企業から得た研究費、阪大が最多 全体では14.9%増 - 日本経済新聞,0.838894665
2025-08-20,4523,エーザイ,主要製薬10社、今期国内売り上げは1%台増で推移…武田4年ぶり1Q増収、エーザイや第一三共好調 - answers.and-pro.jp,0.827742338
2025-08-06,4527,ロート製薬,決算:ロート製薬の26年3月期、純利益2％増へ アジア事業が好調 - 日本経済新聞,0.839309514
2020-02-18,4528,小野薬品工業,国内医薬品市場 19年は前年比2.8%増…3年ぶり増加｜トピックス - answers.and-pro.jp,0.834577858
2020-01-24,4543,テルモ,テルモ、上期はTIS事業がグループ全体を牽引し増収増益 すべての地域で心臓血管が二桁伸長 - logmi Finance,0.80666697
2023-11-09,4563,アンジェス,キッセイ薬品、主力のベオーバや希少疾病領域の新薬の売り上げ好調で増収増益 - 日経バイオテクONLINE,0.808225751
2023-08-11,4564,オンコセラピー・サイエンス,モダリスがアステラスとの契約解消で下落、タカラバイオも業績下方修正が響く - 日経バイオテクONLINE,-0.62819922
2021-08-24,4568,第一三共,第一三共、1Qは増収増益 「インジェクタファー」等の既存製品が伸長し営業利益は前年比34.1%増 - logmi Finance,0.84464395
2025-07-18,4571,ＮＡＮＯ　ＭＲＮＡ,mRNA原薬拠点の整備計画を見送り　　モデルナ、ワクチンの需要低迷などで - 日刊薬業,-0.678245783
2025-08-07,4572,カルナバイオサイエンス,カルナバイオの１〜６月期、最終赤字10億円 タンパク質の国内売上高が減少 - - 神戸経済ニュース,-0.65200901
2018-06-05,4575,キャンバス,ロイヤルパークホテルズ、新ホテル開業加速で4年後に総客室数6割増へ、今後は3ブランドで展開 - トラベルボイス｜観光産業ニュース,0.739794135
2023-11-07,4578,大塚ＨＤ,島津製作所の純利益6%増に 24年3月期、計測器が好調 - 日本経済新聞,0.838448524
2024-08-22,4579,ラクオリア創薬,【QAあり】ラクオリア創薬、事業収益は前年比＋39.1％の成長 「テゴプラザン」は世界各国で順調に拡大、日本導出に期待 - みんかぶ,0.808528781
2022-08-18,4582,シンバイオ製薬,シンバイオ製薬、トレアキシンの販売が好調 通期で売上高100億を見込む - 日経バイオテクONLINE,0.713849664
2025-05-21,4587,ペプチドリーム,【2025年版】国内製薬会社ランキング―トップ3は今年も武田・大塚・アステラス、海外好調で軒並み増収 - answers.and-pro.jp,0.800972998
2023-08-08,4588,オンコリスバイオファーマ,【QAあり】オンコリスバイオファーマ、テロメライシンの2024年承認申請に向けて、製造・販売体制の整備が順調に進捗 - logmi Finance,0.718762934
2025-03-17,4592,サンバイオ,ＴＥＮＴＩＡＬ【325A】、今期経常は11％増で4期連続最高益更新へ | 決算速報 - 株探ニュース - かぶたん,0.794378638
2023-11-07,4593,ヘリオス,ヘリオス テクノHD（6927）、「増配」を発表して、配当利回り6.4％に！ 年間配当は1年で3.1倍に急増、2024年3月期は前期比17円増の｢1株あたり25円｣に - ダイヤモンド・オンライン,0.798053324
2025-04-28,4597,ソレイジア・ファーマ,【QAあり】ソレイジア・ファーマ、医療ニーズが高まるがん領域に特化 アジア市場に注力、中国抗がん剤市場は毎年約14%の成長 - logmi Finance,0.704574645
2024-09-14,4599,ステムリム,ステムリム、2024年7月期の事業収益ゼロも「2028年まで安定して研究開発できる」 - 日経バイオテクONLINE,0.554706454
2024-03-22,4612,日本ペイントホールディングス,12月期企業、純利益最高に 今期見通し、2割増の5兆5900億円 食品や半導体が堅調 - 日本経済新聞,0.839220643
2023-06-30,4613,関西ペイント,トヨタ豊田章男氏の報酬、9.9億円で過去最高 46%増 - 日本経済新聞,0.822120488
2025-04-30,4626,太陽ホールディングス,決算:太陽HD、26年3月期純利益48％増 医薬事業好調で - 日本経済新聞,0.789590776
2025-05-07,4661,ＯＬＣ,オリエンタルランド（4661）の財務情報ならログミーFinance オリエンタルランド、売上・各利益とも増収増益で過去最高を記録 ゲスト1人当たり売上高増加、ホテル事業の伸びが牽引 - logmi Finance,0.828808308
2025-01-21,4666,パーク２４,パーク２４が底堅い、国内１２月タイムズパーキング売上高は８．７％増 - みんかぶ,0.84351778
2025-05-09,4680,ラウンドワン,複合エンタメ施設を運営するラウンドワン、25年3月期決算は売上高11％増の1770億円、営業利益11％増の270億円と増収増益 - gamebiz【ゲームビズ】,0.834667861
2021-06-28,4681,リゾートトラスト,リゾートトラスト、一般向け事業でコロナ影響は受けるも会員制事業は底堅く推移 営業利益は前期比＋26.2％増 - logmi Finance,0.827991366
2024-04-12,4684,オービック,オービックが30年連続最高益 24年3月期、営業益13%増 - 日本経済新聞,0.836664855
2025-08-09,4686,ジャストシステム,ジャストシステムの4～6月期連結決算は増収増益、法人向け事業好調 - 徳島新聞デジタル,0.797778308
2025-08-06,4689,ラインヤフー,【LINEヤフーの2025年4-6月期】ショッピング取扱高は4245億円で5.9%増、eコマース取扱高は1兆951億円で6.8%増 - Yahoo!ニュース,0.842994332
2023-03-07,4704,トレンド,【ふるさと納税お礼品トレンド】“いちご”品種別人気ランキングでは福岡県産「あまおう」が1位 お礼品の寄付件数は３年で２倍以上に増加 - PR TIMES,0.823270798
2023-08-07,4716,日本オラクル,平均年間給与が1200万円超のNRI、増加率トップ企業は前の期より87万円増に - 日経クロステック,0.807701647
2022-10-19,4722,フューチャー,フューチャーリンクネットワーク、通期は利用店舗数・平均単価が順調に推移 今期から公共BPOが連結対象に - logmi Finance,0.795682192
2025-05-13,4732,ユー・エス・エス,ユー・エス・エス、26期連続の「増配」を発表して、配当利回り3.3％に！ 配当額は26年で291倍に増加、2026年3月期は前期比5.2円増の｢1株あたり48.6円｣ - ダイヤモンド・オンライン,0.828162014
2022-08-19,4751,サイバー,サイバーセキュリティクラウド、2Qは過去最高の新規受注額を更新、ARRも前年比31.5％増と高成長を継続 - logmi Finance,0.831172943
2023-02-16,4755,楽天グループ,楽天グループの2022年12月期決算で売上収益は前期比14.6％増の1兆9278億円と過去最高に - Web担当者Forum,0.832245111
2018-11-05,4768,大塚商会,大塚商会３Ｑは増収増益、「たのめーる」売上は４．５％増 - 通販通信ECMO,0.841039956
2021-08-23,4772,ストリームメディアコーポレーション,【KNTV】KNTVがご契約者向け動画配信サービス、「KNTV＋」を10月より提供開始 - PR TIMES,0.597248495
2025-01-24,4811,ドリーム・アーツ,【材料】 [VZ] ベライゾンコミュニケーションズ 2024年12月通期は増収増益 売上高1％増1347億ドル、営業益25％増286億ドル、配当2.69ドルへ増配 - かぶたん,0.803130805
2023-02-17,4812,電通総研,電通国際情報サービス、全セグメントが好調に推移し、売上高・各段階利益ともに5期連続で過去最高を更新 - logmi Finance,0.804509521
2023-05-11,4816,東映アニメーション,東映アニメ、23年3月期決算は売上高53％増の874億円、営業利益58％増の286億円と大幅増収増益 「THE FIRST SLAM DUNK」と「ONE PIECE FILM RED」が記録的ヒット - gamebiz【ゲームビズ】,0.828936934
2023-08-11,4882,ペルセウスプロテオミクス,モダリスがアステラスとの契約解消で下落、タカラバイオも業績下方修正が響く - 日経バイオテクONLINE,-0.62819922
2022-08-24,4888,ステラファーマ,ラクオリア創薬、テゴプラザンのロイヤルティー収入により増収増益 - 日経バイオテクONLINE,0.79008913
2024-11-15,4890,坪田ラボ,【５％】 地域新聞社について、エンジェル・トーチは保有割合が5％未満に減少したと報告 [変更報告書No.12] - かぶたん,-0.630673587
2024-10-31,4891,ティムス,【広島県府中市】「上場企業平均年収」ランキングTOP7！　第1位は「ティムス」【2024年最新調査結果】 | ライフ ねとらぼリサーチ - ねとらぼ,0.592471242
2025-02-04,4893,ノイルイミューン・バイオテック,第6回慶應義塾大学医学部発ベンチャーサミット開催！！ 慶應義塾大学医学部発ベンチャー協議会 アニュアルレポート2024 Vol. 5を発行 - PR TIMES,0.623343349
2024-06-03,4894,クオリプス,【材料】 クオリプス---大幅下落、次世代再生医療分野での活躍への期待による急騰からの反動で - かぶたん,-0.675565958
2025-02-04,4896,ケイファーマ,第6回慶應義塾大学医学部発ベンチャーサミット開催！！ 慶應義塾大学医学部発ベンチャー協議会 アニュアルレポート2024 Vol. 5を発行 - PR TIMES,0.623343349
2024-05-09,4901,富士フイルム,決算:富士フイルムの営業利益8%増 25年3月期、医療が好調 - 日本経済新聞,0.835288286
2020-01-29,4902,コニカミノル,コニカミノルタが「Workplace Hub Smart」など3つの新製品群 - マイナビニュース,0.620740891
2021-08-06,4911,資生堂,資生堂2021年12月期第2四半期は売上高は中国好調で約20%増、現地で投資ファンド設立 - fashionsnap.com,0.833013356
2025-05-08,4912,ライオン,ライオンの1〜3月期、純利益13%増 東南アや中国で好調 - 日本経済新聞,0.82529372
2023-05-12,4967,小林製薬,TPCマーケティングリサーチ、健康食品の通販事業戦略について調査、2022年の市場は前年比2.0％増の6077億円 - マイライフニュース,0.835397303
2019-07-31,4978,リプロセル,リプロセル、通期は検査項目の保険収載等で売上が伸長 研究支援を拡大し21年度の黒字化を目指す - logmi Finance,0.717759073
2025-02-14,4980,デクセリアルズ,デクセリアルズ ACFや反射防止フィルムが好調で増収増益：製造マネジメントニュース - MONOist,0.809778333
2022-05-10,5019,出光興産,"出光興産、21年度当期純利益は2,795億円の過去最高益 資源高による燃料油・資源セグメントの増益が寄与 - logmi Finance",0.799016595
2024-08-09,5020,ＥＮＥＯＳ,石油元売り、３社とも増益 原油高と円安が寄与、エネオスは８割増 - 産経ニュース,0.819466591
2025-05-30,5021,コスモエネルギーホールディングス,割安感際立つ出光興産を「買い」推奨ー2030年には利益50％増を計画 - トウシル,0.770614743
2023-05-24,5026,トリプルアイズ,シーティーエス、高付加価値商品・サービスが売上増に寄与 全社売上総利益率は初の50%超を達成 - logmi Finance,0.785732269
2024-05-21,5027,ＡｎｙＭｉｎｄ　Ｇｒｏｕｐ,AnyMind Group、売上収益60%増・売上総利益57%増と好調 全地域・事業において高い成長性を継続 - logmi Finance,0.84344995
2025-09-11,5032,ＡＮＹＣＯＬＯＲ,にじさんじ好調 ANYCOLORが売上高12%増、営業利益57%増を達成 2026年4月期第1四半期決算発表 - Mogura VR,0.823933065
2024-05-24,5034,ｕｎｅｒｒｙ,【QAあり】unerry、売上高が前年比45％増、粗利が56％増と全主要指標が著しく成長 スマートシティ事業が3Q売上に大きく寄与 - logmi Finance,0.837810278
2025-05-22,5038,ｅＷｅＬＬ,【QAあり】eWeLL、大型案件獲得で新規契約が過去最高 AIサービスが好調で売上・営業利益共に30％超成長中 - logmi Finance,0.815778255
2024-05-15,5076,インフロニア・ホールディングス,決算:インフロニアの25年3月、純利益18%増 建築など好調 - 日本経済新聞,0.807884455
2022-02-11,5101,浜ゴム,〈決算ダッシュボード〉1537社、純利益58%増 4～12月決算を500社発表 - 日本経済新聞,0.754475057
2022-08-11,5105,ＴＯＹＯ　ＴＩＲＥ,TOYO TIRE(5105)、2期連続の「増配」を発表して、配当利回り4.5％に！ 年間配当は2年で1.7倍に増加、2022年12月期は前期比4円増の｢1株あたり80円｣に！ - ダイヤモンド・オンライン,0.811398864
2019-02-15,5108,ブリヂストン,ブリヂストン 2018年度決算発表会。売上高0.2％増の3兆6501億1100万円、純利益1.2％増の2916億4200万円で増収増益 - Car Watch,0.840275168
2023-12-25,5129,ＦＩＸＥＲ,株式会社FIXERと株式会社宮崎銀行 エンタープライズ向け生成型AIサービス 「GaiXer (ガイザー)」を活用した実証実験を開始 - 株式会社FIXER,0.665291786
2024-06-19,5132,ｐｌｕｓｚｅｒｏ,pluszero、売上高・営業利益ともに業績予想を上回り堅調に推移 設計効率化の3つのAEIソリューションの本格的な産業適用へ - logmi Finance,0.790260792
2023-09-26,5136,ｔｒｉｐｌａ,直近1年の｢IPO株｣104銘柄の中で、株価の上昇余地が大きい｢tripla｣と｢Arent｣に注目！ どちらも業績好調で増収増益が続き、“成長ストーリー”も明快で期待大 - ダイヤモンド・オンライン,0.817932665
2023-08-24,5137,スマートドライブ,ソニー独自のLPWA規格を用いた「ELTRES™ IoTネットワークサービス」と当社「Mobility Data Platform」が連携を開始 - PR TIMES,0.687807918
2025-06-02,5139,オープンワーク,【QAあり】オープンワーク、四半期営業収益は10億円に達し過去最高 契約社数・累計Web履歴書登録者数など各種KPIも順調 - logmi Finance,0.767586172
2021-08-02,5201,ＡＧＣ,AGC(5201)、「特別配当」と「増配」を発表して、配当利回り4.3％に！ 年間配当は1年で1.7倍に急増、2021年12月期は前期比90円増の｢1株あたり210円｣ - ダイヤモンド・オンライン,0.792937756
2025-07-31,5214,日電硝,関電工は連日の上場来高値､1Q決算は純利益71％増 - 四季報オンライン,0.801716983
2025-05-22,5233,太平洋セメ,【QAあり】太平洋セメント、国内セメントの値上げ効果や原価改善により営業利益増 今期も対前期比で増収増益を見込む - logmi Finance,0.827135503
2024-01-19,5243,ｎｏｔｅ,健康管理アプリ「IRIShealthcareウェルネスノート」公開 アプリと連携できる「体組成計(※1)」も新発売 - PR TIMES,0.750998974
2025-04-09,5244,ｊｉｇ．ｊｐ,「ツイキャス」のモイが減収から一転して増収も、今期大幅減益で課題も露呈【決算から映像業界を読み解く】#94 - Brand New Creativity,-0.694277883
2024-04-18,5246,ＥＬＥＭＥＮＴＳ,ELEMENTS、24年1Qは増収・営業黒字 LIQUID eKYCの好調で主力の個人認証は前年比+28％の増収 - logmi Finance,0.817432702
2024-12-18,5248,テクノロジーズ,ブランドバッグシェアのラクサス・テクノロジーズ、東証グロースへ上場 今期売上は22％増の27億円を計画 - 日本ネット経済新聞,0.814883649
2024-08-08,5253,カバー,ホロライブ運営のカバー、24年4月～6月期は営業利益7％増の8.3億円 - 音楽業界総合情報サイト,0.827420771
2023-09-26,5254,Ａｒｅｎｔ,直近1年の｢IPO株｣104銘柄の中で、株価の上昇余地が大きい｢tripla｣と｢Arent｣に注目！ どちらも業績好調で増収増益が続き、“成長ストーリー”も明快で期待大 - ダイヤモンド・オンライン,0.817932665
2024-11-22,5258,トランザクション・メディア・ネットワークス,【QAあり】トランザクション・メディア・ネットワークス、2Q連結業績は期初予想通り進捗 ストック収入は前年比16.4％増と順調に増加 - logmi Finance,0.845175087
2021-03-12,5301,東海カーボン,東海カーボン、半導体製造部材5割増産 5Gで需要増 - 日本経済新聞,0.774469614
2025-08-23,5332,ＴＯＴＯ,TOTO北米でウォシュレット現地生産検討 販売好調、売上高4割増狙う - 日本経済新聞,0.833268702
2025-08-01,5333,ガイシ,日本ガイシが1月以来の年初来高値､1Q決算は純利益63％増 - 四季報オンライン,0.804118514
2025-01-31,5334,日本特殊陶業,決算:日本特殊陶業の４〜12月期、純利益９％増 補修用が好調 - 日本経済新聞,0.820731461
2024-10-29,5344,ＭＡＲＵＷＡ,MARUWAの4〜9月決算、純利益25%増 車載やAI分野が好調 - 日本経済新聞,0.825431883
2020-02-10,5393,ニチアス,ニチアス(5393)、今期2度目の「増配」を発表して、利回り2.82％にアップ！ 年間配当額は前期比「8円」増配の「76円」となり、“12期連続増配”の見通しに！ - ダイヤモンド・オンライン,0.540458679
2023-07-19,5401,日本製鉄,商船三井、個人株主増加数で首位 株式分割で22万人増 - 日本経済新聞,0.827362895
2025-05-08,5406,神戸鋼,今日の株価材料（新聞など、8日）LINEヤフー、前期純利益36%増 - 日本経済新聞,0.82193625
2023-05-08,5411,ＪＦＥ,JFEホールディングス(5411)、「増配」を発表して、配当利回り6.1％に！ 年間配当額は1年で25％増加、2024年3月期は前期比20円増の｢1株あたり100円｣に - ダイヤモンド・オンライン,0.820652783
2023-10-20,5423,東京製鐵,東京製鐵(5423)、6期連続となる「増配」を発表し、配当利回り3.0％に！ 年間配当額は6年で5倍に増加、2024年3月期は前期比10円増の｢1株あたり50円｣に！ - ダイヤモンド・オンライン,0.814890563
2024-12-06,5444,大和工業,大和ハウス工業、賃貸住宅事業 売上8.5％増 - 全国賃貸住宅新聞,0.828678012
2024-07-30,5471,大同特殊鋼,大同特殊鋼、株価一時5%上昇 特注の好採算品が堅調 - 日本経済新聞,0.785601735
2019-07-25,5480,日本冶金工業,年収が上がった会社ランキング2019【ベスト10】1位は前期比504万円増 - ダイヤモンド・オンライン,0.807336092
2025-05-14,5570,ジェノバ,GENOVA、売上高は前年比＋15.2％となり100億円を突破 「Medical DOC」は記事数、PVともに堅調な成長を継続 - logmi Finance,0.805689692
2025-08-12,5572,Ｒｉｄｇｅ－ｉ,リッジアイ、日本マイクロソフトと連携し、生成AIと地球観測データを統合した次世代プラットフォームの構築を開始 - PR TIMES,0.65118134
2025-01-27,5574,ＡＢＥＪＡ,経済産業省が立ち上げた「GENIAC」の元、NEDOプロジェクトでABEJAがLLMを利活用し開発した小型化モデルが複数の汎用言語性能指標で「GPT-4」を上回る性能に到達 - PR TIMES,0.733733654
2025-08-28,5582,グリッド,【QAあり】グリッド、前年比2桁の増収増益 年間売上高1億円超の顧客も堅調に増加し、来期は売上高前年比50％増と大幅伸長を目指す - logmi Finance,0.845282853
2024-11-26,5586,Ｌａｂｏｒｏ．ＡＩ,【QAあり】Laboro.AI、個社に最適化した「カスタムAI」で顧客基盤を拡大中 2025年はYoY＋33％増収を目指す - logmi Finance,0.815907598
2025-09-11,5588,ファーストアカウンティング,ファーストアカウンティングがAI OCR「請求書」「領収書」ともに売上・シェアNo.1を獲得 - PR TIMES,0.742697001
2025-05-22,5590,ネットスターズ,ネットスターズ、売上高が前年比＋27.2％と順調に進捗 キャッシュレス比率の増加により加盟店拡大が堅調に推移 - logmi Finance,0.843669355
2025-05-15,5591,ＡＶＩＬＥＮ,AVILEN、京都市のAIによる働き方改革支援に向けて実証実験を開始 - PR TIMES,0.687229335
2025-08-14,5592,くすりの窓口,くすりの窓口は上場来高値更新、第１四半期営業益６５％増で通期計画進捗率２９％ - みんかぶ,0.792673469
2024-07-30,5595,ＱＰＳ研究所,QPS研究所、営業・経常利益の通期黒字化を達成 売上高は商用機運用開始でYoY+344.5％、今期も増収見込む - logmi Finance,0.79341948
2024-11-25,5621,ヒューマンテクノロジーズ,【QAあり】ヒューマンテクノロジーズ、売上高は前年比21.6％と好調に推移 利用顧客の拡大に伴う課金ID数の伸長が寄与 - logmi Finance,0.811394453
2024-08-08,5631,日製鋼,【大日本印刷の決算】4~6月純利益9%増で最高 スマホ向け部材堅調 - 日本経済新聞,0.827359617
2021-11-12,5706,三井金,三井住友FG(8316)、「増配」を発表し、配当利回り5.43％にアップ！ 年間配当額は1年間で10.5％増加、2022年3月期は前期比20円増の｢1株あたり210円｣に - ダイヤモンド・オンライン,0.820779681
2023-10-24,5711,三菱マ,売上収益４割増へ、三菱ケミカルが機能商品で鮮明に打ち出す成長戦略 - ニュースイッチ by 日刊工業新聞社,0.727130651
2021-11-18,5713,住友鉱,"住友金属鉱山、金属価格の追い風もあり増収基調が継続 通期の連結税引前利益予想は過去最高の2,660億円 - logmi Finance",0.802120864
2025-01-17,5714,ＤＯＷＡ,DOWAエコシステムが九州地区において環境・リサイクル事業を拡大 - PR TIMES,0.753775716
2025-05-13,5801,古河電,古河電工の純利益8%増 26年3月期、通信需要堅調で - 日本経済新聞,0.837205172
2024-08-05,5802,住友電,住友ベークライトの純利益23%増 4~6月決算、電気自動車向け樹脂が好調 - 日本経済新聞,0.827870548
2025-08-08,5803,フジクラ,フジクラ、純利益13%増 光ファイバー製品が好調 今期、5年連続で最高益 - 日本経済新聞,0.813461125
2024-12-05,5805,ＳＷＣＣ,フジクラなど電線株が相次ぎ上場来高値 AIデータセンター需要増期待 - 日本経済新聞,0.774342716
2025-02-05,5831,しずおかＦＧ,証券大手5社が増収増益 NISAで投資信託販売好調、持ち合い解消で売り出し：ニュース - 中日BIZナビ,0.766992211
2024-03-07,5834,ＳＢＩリーシングサービス,SBIリーシングサービス、大幅な「増配」を発表し、配当利回り3.3％に！ 年間配当は1年で10倍に急増、2024年3月期は前期比90円増の｢1株あたり100円｣に - ダイヤモンド・オンライン,0.807025552
2024-09-28,5842,インテグラル,【分析】仙台オフィス市場は堅調に推移、大和不動産鑑定 - 日経不動産マーケット情報,0.7944839
2025-04-11,5857,ＡＲＥホールディングス,PDDホールディングス、2024年第４四半期決算発表：Pinduoduo・Temuが好調で売上24%増 - コマースピック,0.83845973
2025-09-17,5888,ＤＡＩＷＡ　ＣＹＣＬＥ,DAIWA CYCLE、売上高・営業利益ともに上期過去最高を達成 電動アシスト車の売上好調で客単価が上昇 - logmi Finance,0.775237501
2025-02-27,5892,ｙｕｔｏｒｉ,yutori、第3四半期の売上77.9%増に 小嶋陽菜のハートリレーションも好調 - 日本ネット経済新聞,0.829519391
2024-10-18,5929,三和ホールディングス,決算:三和ＨＤが一転増益に 4〜9月6%増、日米事業が堅調 - 日本経済新聞,0.836422265
2020-05-22,5947,リンナイ,リンナイ、「乾太くん」伸び率最高に=販売台数約37%増、「『ガス式の効果』認知拡大」と - 住宅産業新聞,0.827147186
2025-05-14,5991,日本発條,ニッパツ【5991】、今期経常は9％減益へ | 決算速報 - 株探ニュース - かぶたん,-0.681267738
2025-07-22,6005,三浦工業,TOBが衰え知らず！ 2025年上期は前年比66％増の68件、年間最多を大幅更新へ - M＆A Online,0.73628372
2025-02-13,6026,ＧＭＯ　ＴＥＣＨ,GMO TECH、3期連続の｢増配｣を発表し、配当利回り5.8％に！ 年間配当は2年で2.4倍に増加、2025年12月期は前期比143.88円増の｢1株あたり450.97円」に - ダイヤモンド・オンライン,0.824157476
2023-06-08,6027,弁護士ドットコム,弁護士ドットコム、23年3月期の売上高は前期比48％増、クラウドサイン事業、契約レビューサービス進出へ - 週刊BCN＋,0.832312703
2020-11-16,6028,テクノプロ・ホールディングス,テクノプロHD/1Qは増収増益で営業利益は前年比＋12.2％ - logmi Finance,0.769408643
2025-06-23,6030,アドベンチャー,和歌山県・アドベンチャーワールドの来訪者数調査結果を公開 2025年ゴールデンウイークは前年比210％増！ - アットプレス,0.801312506
2020-12-01,6031,ＺＥＴＡ,日本初、東京建物がクラウド型スマートビル管理システム「Dynamic Building Matrix」を導入し、実証実験を開始 - PR TIMES,0.730521321
2025-09-12,6040,日本スキー場開発,決算:日本駐車場開発､26年7月期純利益19%増 テーマパーク来客増で最高益 - 日本経済新聞,0.837809563
2024-11-19,6069,トレンダーズ,【QAあり】トレンダーズ、マーケティング事業の成長により前年比2桁の増収増益 特にインフルエンサーマーケティングが大幅成長 - logmi Finance,0.808136106
2023-12-08,6086,シンメンテホールディングス,１０時の注目株＝飲食店需要拡大とロボット洗浄で浮上――シンメンテＨ 速報 - kabushiki.jp,0.513706684
2025-08-22,6094,フリークアウト・ホールディングス,フリークアウトHD、日本事業は売上高・EBITDAともに前年比大幅増 北米事業回復で来期以降も堅調 - logmi Finance,0.813436329
2025-06-26,6098,リクルート,美容室の市場規模は、ここ5年で最大の1兆3884億円に。アイビューティーサロン市場は、2年連続で2桁成長！前年比17.4％増の1384億円 - PR TIMES,0.833571255
2021-10-24,6101,ツガミ,ツガミ(6101)、5期連続となる「増配」を発表して、配当利回り2.3％に！ 年間配当は5年で2.2倍に増加、2022年3月期は前期比10円増の｢1株あたり36円｣に！ - ダイヤモンド・オンライン,0.810889244
2025-04-09,6103,オークマ,工作機械受注、24年度は4%増 2年ぶり増加 - 日本経済新聞,0.850451171
2023-05-21,6113,アマダ,アマダ、3年連続ベア 15%増で人材獲得強化 - 日本経済新聞,0.773050129
2024-04-26,6141,ＤＭＧ森精機,【DMG森精機の決算】24年12月期純利益6%増 受注堅調で - 日本経済新聞,0.842739105
2024-10-18,6146,ディスコ,ディスコが３日ぶり反発、生成ＡＩ需要の拡大追い風に上期営業利益は６９％増 - みんかぶ,0.830147266
2024-05-15,6176,ブランジスタ,ブランジスタ、上半期営業利益は前年比1.6倍に増益 2期連続の過去最高売上高・営業利益更新に向け順調に進捗 - logmi Finance,0.806983113
2019-05-15,6178,日本郵政,日本郵便／3月期の売上高2.0％増、営業利益110.3％増 - 物流ニュースのLNEWS,0.83944422
2025-05-08,6182,メタリアル,【AIエージェント元年の2025年】2025年度新入社員への生成AI研修は約5割が導入生成AI研修を求める声は昨年に比べ15.2ポイント増＜メタリアル 白書＞ - FNNプライムオンライン,0.774655759
2023-04-27,6201,豊田自動織機,豊田自動織機／3月期決算 売上高24.9％増、営業利益6.8％増 - トラックニュース,0.843824387
2024-04-15,6224,ＪＲＣ,ＪＲＣ、ソリューション売上増とロボットSI事業の黒字転換が寄与 今期は4期連続の増収増益に加えて増配を目指す - logmi Finance,0.778423309
2024-08-14,6232,ＡＣＳＬ,ACSL株が買い先行 インド事業に支えられた中間売上高増など好感 - ドローントリビューン,0.767268479
2020-10-26,6254,野村マイクロ・サイエンス,野村マイクロ・サイエンス、6期連続の「増配」と市場変更の「記念配当」を発表し、利回り2.7％にアップ！2021年3月期は前期比22円増の｢1株あたり55円｣に！ - ダイヤモンド・オンライン,0.788966894
2025-07-11,6255,エヌ・ピー・シー,決算:NPCの9〜5月、純利益24%減 太陽電池案件に遅れ - 日本経済新聞,-0.68851769
2025-08-07,6269,三井海洋開発,三井海洋開発【6269】、上期最終が5％増益で着地・4-6月期も21％増益 | 決算速報 - 株探ニュース - かぶたん,0.742255986
2022-05-11,6273,ＳＭＣ,ＳＭＣ、茨城に新工場 半導体製造装置向け、生産能力２割増 - 日刊工業新聞,0.777096868
2023-02-17,6301,コマツ,コマツの第3四半期の営業利益は54.9％増に - マネクリ,0.844079494
2018-06-03,6302,住友重,日本企業「設備年齢」若返り 18年度、投資16%増 - 日本経済新聞,0.811864674
2021-08-25,6305,日立建機,日立製作所、1Qの売上収益は前年比48％増収 事業・コスト等の構造改革により業績は堅調に推移 - logmi Finance,0.839649141
2023-10-16,6323,ローツェ,ローツェの2024年度第2四半期売上高は前四半期比46％増と好調 - マイナビニュース,0.847697079
2023-02-14,6326,クボタ,クボタ売上高２１・９％増、過去最高の２兆６７８７億円 - 読売新聞オンライン,0.826025009
2024-05-14,6361,荏原,決算:荏原の1~3月期、純利益82％増 半導体関連が回復 - 日本経済新聞,0.809788287
2025-07-03,6367,ダイキン,ダイキンの家庭用エアコン、世界生産台数最多に 25年度11%増 - 日本経済新聞,0.834127724
2024-11-01,6368,オルガノ,オルガノの純利益24％増 25年3月期決算、AI半導体で受注増 - 日本経済新聞,0.807260156
2025-07-17,6383,ダイフク,関西の夏ボーナス、首位は明星工業165万円 主要企業5.47%増 - 日本経済新聞,0.818754852
2023-02-15,6417,ＳＡＮＫＹＯ,"SANKYO、第3四半期の売上高は前年比82.1％増の1,280億円、遊技機販売が好調 - グリーンべると",0.847599864
2023-10-12,6432,竹内製作所,竹内製作所(6432)、13期連続の「増配」を発表し、配当利回り3.2％に！ 年間配当は12年で94倍に増加、2024年2月期は前期比60円増の｢1株あたり158円｣に - ダイヤモンド・オンライン,0.822715223
2025-01-31,6436,アマノ,決算:アマノが最高益 4〜12月最終34％増、駐車場機器が好調 - 日本経済新聞,0.838178515
2021-08-05,6448,ブラザー工業,中部4県の設備投資、21年度は5.3%増に 半導体がけん引 - 日本経済新聞,0.832532704
2021-02-12,6460,セガサミーホールディングス,セガの展開するゲーム事業、第3四半期の営業益は324％増の106億円と大幅増 リピート販売拡大 『プロセカ』と『リゼロス』も貢献 - gamebiz【ゲームビズ】,0.825534344
2024-02-13,6465,ホシザキ,決算:ホシザキが5期ぶり最高益 23年12月期、純利益37%増 - 日本経済新聞,0.830422759
2023-05-12,6471,日精工,ムトー精工(7927)、2期連続となる｢増配｣を発表し、配当利回り7.4％に！ 年間配当は2年で4.2倍に増加、2024年3月期は前期比5.5円増の｢1株あたり79円｣に - ダイヤモンド・オンライン,0.81151861
2025-09-08,6472,ＮＴＮ,NTN、フランスで航空宇宙向けベアリングを増産 航空機需要増で - 日本経済新聞,0.759975076
2023-07-12,6473,ジェイテクト,自動運転ソフト開発のJ-QuAD、純利益40％増！第4期決算 - 自動運転ラボ,0.784275174
2025-05-09,6479,ミネベア,決算:ミネベアミツミ純利益は最大19％増 26年3月期、軸受けが堅調 - 日本経済新聞,0.836806059
2021-08-25,6501,日立,日立製作所、1Qの売上収益は前年比48％増収 事業・コスト等の構造改革により業績は堅調に推移 - logmi Finance,0.839649141
2025-07-31,6503,三菱電,決算:三菱電機の純利益が最高に、FA事業の回復鮮明 4〜6月85%増 - 日本経済新聞,0.83212316
2022-05-25,6504,富士電機,富士古河E&C(1775)、5期連続の｢増配｣を発表して、配当利回り5.7％に！ 年間配当は5年で2.5倍に増加、2023年3月期は前期比20円増の｢1株あたり150円｣に - ダイヤモンド・オンライン,0.81514746
2025-09-11,6506,安川電,アイモバイル株が上場来高値 今期純利益6％増、増配見込む - QUICK Money World,0.797236741
2022-04-14,6521,オキサイド,オキサイド、半導体事業が売上を牽引し4期連続で増収、経常増益 売上高・各利益共に過去最高を達成 - logmi Finance,0.806225538
2024-01-30,6526,ソシオネクス,決算:ソシオネクス、円安で経常利益上振れ 24年3月期34％増 - 日本経済新聞,0.813799381
2023-07-14,6532,ベイカレント,タケダ機械の前期、純利益22%増 鋼材加工機械が販売増 - 日本経済新聞,0.827235341
2021-07-01,6544,ジャパンエレベーターサービスホールディングス,ジャパンエレベーターサービスHD、通期は過去最高益を更新 保守売上高の増加が大きく寄与 - logmi Finance,0.80227977
2025-08-01,6557,ＡＩＡＩグループ,【材料】 [XOM] エクソンモービル 2Q減収最終減益 売上高12％減794億ドル、純利益23％減70.8億ドル、EPS1.64ドル - かぶたん,-0.709595621
2024-10-22,6561,ＨＡＮＡＴＯＵＲ　ＪＡＰＡＮ,韓国からの旅行客が急増、インバウンド事業を手がける「ハナツアージャパン」が好調 - ストレイナー,0.731827259
2024-05-28,6562,ジーニー,ジーニー、売上収益は前年比24.1％増の80.1億円と過去最高 既存事業の再加速によりFY24の売上総利益は30％増を計画 - logmi Finance,0.845831573
2024-05-20,6568,神戸天然物化学,【QAあり】神戸天然物化学、医薬・バイオ分野の需要好調等により、通期売上高は3期連続で過去最高を更新 - logmi Finance,0.797289968
2022-05-25,6574,コンヴァノ,コンヴァノ、通期の売上収益は前年比＋32.6％の回復 トレンドに合った新規資材や新メニュー導入などが寄与 - logmi Finance,0.749031961
2025-07-30,6586,マキタ,決算:マキタの25年4〜6月期、純利益20%増 国内販売が好調 - 日本経済新聞,0.820229292
2023-02-08,6590,芝浦メカトロニクス,芝浦メカトロニクス、2期連続の「増配」を発表して、配当利回り4.4％に！ 年間配当は2年で4.6倍に急増、2023年3月期は前期比280円増の｢1株あたり510円｣ - ダイヤモンド・オンライン,0.795302749
2024-04-23,6594,ニデック,ニデック、今期営業益は41％増へ ＥＶ駆動装置は「リスタート」 - Reuters,0.831061959
2022-12-21,6612,バルミューダ,バルミューダが米国に新会社を設立、北米の売上高は58.4％増と好調 - fashionsnap.com,0.843329549
2023-02-28,6613,ＱＤレーザ,QDレーザ、3QはLEW事業が前年比96%増と寄与 小型可視レーザのシェア拡大に期待 - logmi Finance,0.830937028
2019-04-19,6632,ＪＶＣケンウッド,ドライブレコーダー出荷台数、前年度比4割増の367万台 2018年度 - レスポンス（Response.jp）,0.820569277
2023-01-31,6645,オムロン,オムロンは四半期で過去最高益を達成、受注残のある制御機器事業は好調を持続：製造マネジメントニュース - MONOist,0.780671716
2024-02-05,6670,ＭＣＪ,MCJ（6670）、11期連続の「増配」を発表し、配当利回りが4.5％に！ 年間配当額は11年で35倍に増加、2024年3月期は前期比24円増の｢1株あたり57円｣に！ - ダイヤモンド・オンライン,0.808566928
2019-12-19,6674,ＧＳユアサ,ジーエス・ユアサ/産業用鉛電池等が好調で上期営業益は8.5％増 - logmi Finance,0.841005981
2023-11-30,6701,ＮＥＣ,NEC、防衛などの事業で人員1千人増へ 国の予算拡大で受注も増加 - 朝日新聞,0.844367087
2022-10-28,6702,富士通,富士通の2022年度上期連結業績は増収増益、営業利益は23.9％増 - クラウド Watch,0.839008391
2025-06-05,6707,サンケン電気,国内株式、予想利益成長率が高い銘柄リスト 目先は好調持続へ 野村證券ストラテジストが解説 - nomura.co.jp,0.700020194
2023-02-10,6723,ルネサス,ルネサス2022年通期は増収増益で、過去最高更新：売上高は前年比51.1％増（1/3 ページ） - EE Times Japan,0.831460953
2018-07-26,6724,エプソン,"エプソン「エコタンク」搭載プリンターが累計販売3,000万台に 2018年度は20％増を見込む - デジカメ Watch",0.822202504
2023-02-16,6728,アルバック,アルバックの2022年度上半期売上高は前年同期比5.4％増、韓国に半導体製造装置開発センターを設置へ - マイナビニュース,0.831115603
2023-04-27,6752,パナＨＤ,パナソニックHD、中国家電の売上高5割増 25年度に - 日本経済新聞,0.814028084
2018-09-28,6753,シャープ,シャープ「量から質へ」転換する中国市場の戦略--2019年に売上高前年比20％増目指す - CNET Japan,0.818128407
2025-05-14,6758,ソニーＧ,ソニーＧ最終利益１７・６％増１兆１４１６億円、４期ぶり最高に…ゲームや音楽事業が好調 - 読売新聞オンライン,0.826096237
2021-07-09,6762,ＴＤＫ,〈今期業績を聞く〉TDK、純利益26%増 5年ぶり高水準 専務執行役員 山西哲司氏 全セグメントで増収 - 日本経済新聞,0.819621444
2019-02-11,6770,アルプスアル,スイスアルプスで観光客が増加 トップはルツェルン - SWI swissinfo.ch,0.764588475
2025-08-06,6787,メイコー,決算:メイコー26年3月期、最高益 通信向け伸び純利益21%増に上振れ - 日本経済新聞,0.810606778
2024-12-18,6806,ヒロセ電機,ヒロセ電機、韓国に新棟 スマホ・車向け生産能力3割増 - 日本経済新聞,0.819828451
2024-11-05,6841,横河電,横河電機の営業益8%増 4〜9月決算、プラント制御が好調 - 日本経済新聞,0.83118403
2024-08-07,6845,アズビル,アズビルの4〜6月、純利益32%増 国内空調制御が好調 - 日本経済新聞,0.83120501
2020-01-22,6849,日本光電工業,日本光電工業/2Qは国内駆込み需要等により増収増益 - logmi Finance,0.806946099
2021-11-11,6856,堀場製作所,堀場製作所、1～9月純利益8割増 半導体関連が好調 - 日本経済新聞,0.821853101
2024-07-31,6857,アドテスト,決算:アドバンテストの純利益、69％増に上振れ AI向けが好調 - 日本経済新聞,0.83471024
2025-04-25,6861,キーエンス,決算:キーエンス純利益8％増 25年3月期、売上高は初の1兆円 - 日本経済新聞,0.799874842
2025-02-12,6869,シスメックス,決算:シスメックス純利益24%増 4〜12月､血液検査試薬が好調 - 日本経済新聞,0.815756619
2021-04-28,6902,デンソー,デンソー、2021年3月期決算発表 営業利益は前年比153.9％増の1551億円 - Car Watch,0.831960738
2025-02-03,6920,レーザーテク,レーザーテックの株価が高い 7〜12月期純利益95%増 - 日本経済新聞,0.805331647
2022-04-22,6951,日本電子,21年のアナログ半導体は前年比30％増の741億ドルで過去最高額 - 産業タイムズ社,0.818444371
2020-09-14,6952,カシオ,電子ピアノが販売好調、3～5月は二桁増、一部のピアノコンクールはオンラインに - bcnretail.com,0.802859664
2023-01-27,6954,ファナック,2022年10－12月の生産額は3.4％増、年間は受注・生産ともに過去最高／日本ロボット工業会 - robot digest,0.822944641
2022-05-12,6963,ローム,京都・電子部品４社、全社が増収増益 デジタル化進展で需要が高水準 - 京都新聞デジタル,0.792430043
2023-02-28,6965,浜松ホトニクス,QDレーザ、3QはLEW事業が前年比96%増と寄与 小型可視レーザのシェア拡大に期待 - logmi Finance,0.830937028
2025-04-07,6966,三井ハイテック,PBR1倍割れ企業、全体の54%に 昨年末比11ポイント増 - 日本経済新聞,0.817330182
2025-07-30,6971,京セラ,京セラ、建設資材販売の米サザンカールソンを売却へ 4〜6月純利益1％増 - 日本経済新聞,0.808249474
2025-02-17,6976,太陽誘電,太陽誘電､コンデンサー開発の新拠点完成 EV･AIで需要増 - 日本経済新聞,0.788728833
2019-02-01,6981,村田製,［続報］村田の四半期売上高は3度目の4000億円超え、1月受注は10％増 - 日経クロステック,0.82694155
2025-01-28,6988,日東電,極東証券【8706】、4-12月期(3Q累計)経常が44％増益で着地・10-12月期も6倍増益 | 決算速報 - 株探ニュース - かぶたん,0.740083694
2020-07-16,7003,三井Ｅ＆Ｓ,コロナ関連商品が好調な「コーナン」建デポの子会社化も寄与し業績は過去最高に - M＆A Online,0.790382266
2025-06-24,7004,カナデビア,【材料】 カナデビア：7期連続増収増益を達成、今後の持続的成長にも期待 - かぶたん,0.762363672
2024-09-05,7011,三菱重,台湾の鴻海精密工業､8月の売上高は前年同月比33％増 - 四季報オンライン,0.83057338
2025-06-17,7012,川重,川崎重工やスバル、パリ航空ショーで防衛装備品アピール ウクライナ侵略背景に需要増 - 産経ニュース,0.768148601
2025-05-30,7013,ＩＨＩ,ベルテクスC、コンクリート・斜面防災など主力事業好調で増収増益、営業利益YoY9.8％増 26年3月期は配当5円増 - logmi Finance,0.841667533
2024-08-08,7014,名村造船所,【日本株】九州旅客鉄道（9142）、アドベンチャー（6030）など、夏休み利用で好調なレジャー関連銘柄 - マネクリ,0.782967091
2025-04-25,7047,ポート,【導入事例公開】ポートウェルジャパン株式会社、産業用製品検索サービス「メトリー」活用によりWeb集客からの案件化27%増加を実現 - PR TIMES,0.826357901
2025-08-22,7048,ベルトラ,ベルトラ、旅行需要回復と事業ポートフォリオ拡大により営業収益前年比＋15.7％ 旅行需要増加の下期に黒字確保見込み - logmi Finance,0.703214526
2025-06-15,7050,フロンティアインターナショナル,フロンティアインターナショナル、｢増配｣を発表し、配当利回り5.6％に！ 年間配当は1年で2.9倍に急増、2026年4月期は前期比14円増の｢1株あたり113円｣に - ダイヤモンド・オンライン,0.81418097
2024-04-02,7061,日本ホスピスホールディングス,スギHD 決算／2月期増収増益、人流回復・インバウンド増加エリアで出店強化 - 流通ニュース,0.743818283
2022-02-25,7066,ピアズ,完全個室型作業スペース「RemoteworkBOX」公衆個室ブース稼働台数においてシェアNo.1を獲得 - PR TIMES,0.737352729
2023-06-02,7068,フィードフォースグループ,viviONグループ、総売上が100億増の454億円に 電子コミック事業と海外事業が牽引 - 日本ネット経済新聞,0.822302341
2025-09-08,7079,ＷＤＢココ,【５％】 ピクセラについて、エボ ファンドは保有割合が5％未満に減少したと報告 [変更報告書No.46] - かぶたん,-0.587996602
2025-05-01,7094,ＮｅｘＴｏｎｅ,【材料】 NexTone：最重要KPIとなる著作権管理楽曲数及び取扱原盤数は順調に拡大、大幅増益へ - かぶたん,0.817358196
2024-11-13,7096,ステムセル研究所,株主優待ギフトによる総合利回りで株価効果を実証 - PR TIMES,0.724217951
2025-03-12,7105,三菱ロジスネクスト,三菱重工、ベア・一時金とも満額回答 平均年収8.4%増 - 日本経済新聞,0.768866777
2025-09-18,7110,クラシコム,「北欧、暮らしの道具店」のクラシコム、売上21％増の84.9億円 新規獲得好調で過去最高に - 日本ネット経済新聞,0.835250139
2025-08-18,7119,ハルメクホールディングス,【材料】 ハルメクホールディングス---1Q増収・営業利益増益、ハルメク事業が順調に推移 - かぶたん,0.82274127
2023-10-31,7148,ＦＰＧ,FPG（7148）、4期連続となる「増配」を発表して、配当利回り5.4％に！ 年間配当は4年で6.7倍に急増、2024年9月期は前期比4.5円増の｢1株あたり77.5円｣ - ダイヤモンド・オンライン,0.789535105
2025-03-12,7157,ライフネット生命保険,【材料】 ライフネットは堅調、２月末保有契約年換算保険料は前年比２０％増 - かぶたん,0.836769044
2020-01-29,7164,全国保証,全国保証/保証債務残高が堅調に推移して2Q純利益は前年比6.7％増 - logmi Finance,0.845257342
2024-05-13,7167,めぶきフィナンシャルグループ,コンコルディアFG、純利益19%増の669億円 - 日本経済新聞,0.827844858
2018-08-14,7182,ゆうちょ銀行,日本郵政、1Q純利益は前期比18.2％増 「ゆうパック」「ゆうパケット」が増加基調を維持 - logmi Finance,0.843573153
2024-11-25,7186,コンコルディ,【材料】 コンコルディア---大幅続伸、成長ポテンシャル拡大など評価し米系証券が格上げ - かぶたん,0.457047343
2024-01-05,7201,日産自,現代自動車G、23年の世界販売730万台 前年比6.7%増 - 日本経済新聞,0.834133744
2023-09-25,7202,いすゞ,いすゞの第1四半期の営業利益は25.3％増に - マネクリ,0.848012447
2020-10-28,7203,トヨタ,トヨタ、9月の世界販売は約2％増・生産約12％増 ともに過去最高 - Reuters,0.842324257
2025-07-07,7205,日野自,2025年1～6月の国内普通トラック販売、前年比7.0%増 3年連続の増加 - 自動車会議所,0.842253804
2023-05-11,7211,三菱自,三菱自／3月期の売上高20.6％増、営業利益118％増で増収増益 - トラックニュース,0.842273474
2023-07-12,7259,アイシン,自動運転ソフト開発のJ-QuAD、純利益40％増！第4期決算 - 自動運転ラボ,0.784275174
2023-08-08,7261,マツダ,マツダ、2024年3月期 第1四半期決算は売上高4738億円増の1兆910億円、営業利益495億円増の300億円、当期純利益222億円増の372億円 - Car Watch,0.840516567
2019-07-05,7267,ホンダ,ホンダ中国販売が2年ぶりに増加、22％増の74万台超え 2019年上半期 - レスポンス（Response.jp）,0.83485055
2021-04-16,7269,スズキ,マルチスズキのCNG車販売が過去最高、48％増と増加 2020年度 - レスポンス（Response.jp）,0.843871474
2024-05-13,7270,ＳＵＢＡＲＵ,スバル、2024年3月期 通期決算 売上高24.6％増の4兆7029億円、営業利益75.0％増の4682億円で増収増益 - Car Watch,0.838400364
2024-02-17,7272,ヤマハ発,ヤマハ発 23年度決算で過去最高に 二輪車の利益44.2％増加 24年も増収増益見込み - オートバイ流通新聞,0.814822853
2022-06-09,7276,小糸製作所,車部品27社、在庫4割増で過去最高 トヨタ系で増加顕著 - 日本経済新聞,0.834443867
2024-04-17,7282,豊田合成,中部の25年春大卒採用、最高の25%増 JR東海は35%増 - 日本経済新聞,0.828670859
2024-08-01,7309,シマノ,シマノの24年12月期､26%増益へ 中国で自転車向け好調 - 日本経済新聞,0.809237897
2025-05-15,7317,松屋アールアンドディ,松屋アールアンドディ、2026年3月期純利益3%増 エアバッグ事業堅調も円高で伸び小幅 - 日本経済新聞,0.818083227
2025-03-11,7318,セレンディップ・ホールディングス,"四季報｢春号｣連動！来期の営業利益""連続大幅増益""TOP50 - 四季報オンライン",0.746766388
2024-03-06,7320,日本リビング保証,日本リビング保証、中古住宅向け保証事業が好調 - 全国賃貸住宅新聞,0.784518123
2024-02-26,7326,ＳＢＩインシュアランスグループ,【QAあり】エージェント・インシュアランス・グループ、取扱保険料が前年比24.2％増 M&A及び事業承継の取組みが順調に推移 - logmi Finance,0.837902546
2024-05-30,7343,ブロードマインド,【QAあり】ブロードマインド、売上高・営業利益・経常利益各段階で過去最高を更新 コンサルタント純増による好調な伸長 - logmi Finance,0.780123949
2024-12-24,7352,ＴＷＯＳＴＯＮＥ＆Ｓｏｎｓ,Branding Careerの転職支援事業「Stars Agent」、売上高前年比174％増・早期離職率1.5％の結果に - PR TIMES,0.811340511
2023-04-28,7373,アイドマ・ホールディングス,アイドマHD、2Qは受注率が回復、過去最高の受注件数に 売上高も前年比約50％増と高成長 - logmi Finance,0.840867579
2025-08-14,7409,ＡｅｒｏＥｄｇｅ,エアロエッジの25年6月期決算、一転増益 エアバス向けが好調 - 日本経済新聞,0.748252153
2025-08-05,7419,ノジマ,ノジマ社長「家電店、450店まで増やせる」 店舗数8割増へ - 日本経済新聞,0.837369025
2021-10-01,7453,良品計画,復興・浪江の中心に無印あり 道の駅に出店し来場者20％増に - 日経クロストレンド,0.83532238
2024-11-05,7459,メディパルホールディングス,メディパルが反発、９月中間期最終利益２７％増で通期計画進捗率６５％ - みんかぶ,0.781956553
2025-05-14,7532,パン・パシフィック・インターナショナルホールディングス,PPIH／7～3月増収増益、DS事業の既存店売上高7.1％増 - 流通ニュース,0.844123662
2023-05-12,7550,ゼンショーホールディングス,ゼンショーHD／3月期増収増益、すき家など既存店売上高9.5％増 - 流通ニュース,0.841545522
2024-11-05,7564,ワークマン,ワークマン24年7〜9月は売上高5.4％増、女性用インナーは378％の大幅増 - fashionsnap.com,0.82396853
2023-09-20,7599,ＩＤＯＭ,イドム、オーストラリアでデジタル新技術活用した中古車販売で売り上げ増(日本、オーストラリア) | ビジネス短信 - jetro.go.jp,0.787337184
2025-07-15,7649,スギホールディングス,セブン＆アイ／6月の既存店売上イトーヨーカドー3.6％増、ベニマル2.7％増 - 流通ニュース,0.842824697
2019-09-12,7674,ＮＡＴＴＹ　ＳＷＡＮＫＹホールディングス,NATTY SWANKY、通期は増収増益 好調のダンダダン酒場を地方にも展開する準備を開始 - logmi Finance,0.685471714
2024-10-03,7683,ダブルエー,ダブルエー、中間期のEC売上22%増の30億円 卑弥呼はテレビ通販好調 - 日本ネット経済新聞,0.816345513
2025-08-14,7685,ＢｕｙＳｅｌｌ　Ｔｅｃｈｎｏｌｏｇｉｅｓ,バイセル、堅調な既存事業とM&A戦略がけん引し連結売上高67.2%増、営業利益100.1%増 通期計画を営業利益85億円へ上方修正【2025年12月期 第2四半期決算】 - PR TIMES,0.756552339
2023-11-07,7701,島津製作所,島津製作所の純利益6%増に 24年3月期、計測器が好調 - 日本経済新聞,0.838448524
2024-03-06,7707,プレシジョン・システム・サイエンス,貿易まるなげパッケージサービス「デジトラッド」契約社数が累計150社を突破 - PR TIMES,0.641976118
2025-02-12,7716,ナカニシ,決算:ナカニシの24年12月期、純利益62%減 特別利益の反動 - 日本経済新聞,-0.701918066
2024-10-29,7729,東京精密,ディスコ、超極薄で再成長 最先端メモリー向け技術独走 10～12月純利益29%増 - 日本経済新聞,0.82230252
2018-11-19,7731,ニコン,ニコン、FPD大型パネル向け装置が好調 前年の倍以上の販売で2Qは増収増益 - logmi Finance,0.809486747
2019-01-08,7733,オリンパス,オリンパス、上期売上高は前年比3％増 東大発AIベンチャー・エルピクセルへ出資 - logmi Finance,0.815686226
2025-05-09,7735,スクリン,決算:SCREENの26年3月期、純利益12%減 トランプ関税が重荷 - 日本経済新聞,-0.696318805
2025-09-09,7740,タムロン,【特集】 タムロン Research Memo（1）：新製品投入効果で2025年12月期業績は5期連続の増収増益見通し - かぶたん,0.791360617
2025-08-01,7741,ＨＯＹＡ,決算:HOYA純利益10％増 4〜6月、めがねレンズや半導体製造部材が好調 - 日本経済新聞,0.808727562
2023-06-28,7744,ノーリツ鋼機,身近なものから医療分野まで。産業の発展を支える精密機器業界の平均年収ランキングTOP10を発表！オリンパスがトップに輝く！／SalesNow DBレポート - PR TIMES,0.614161074
2025-08-14,7747,朝日インテック,決算:朝日インテック、26年6月期の純利益87%増 国内外で医療器具好調 - 日本経済新聞,0.770545185
2024-01-31,7751,キヤノン,キヤノン、純利益15%増 今期3050億円、半導体装置が好調 - 日本経済新聞,0.829021752
2020-07-02,7752,リコー,みずほリース、通期は増収増益 当期純利益は前年比40％増と7期連続で計画を上回り最高益を更新 - logmi Finance,0.839702189
2025-08-13,7762,シチズン,【QAあり】シチズン時計、収益性改善が進み時計・工作機械事業の営業利益が2桁増 前年比で円高の為替影響を受けつつも堅調に推移 - logmi Finance,0.816078722
2023-11-10,7774,ジャパン・ティッシュエンジニアリング,J-TEC、2Q累計売上高は前期比+28.2％ 再生医療受託事業・研究開発支援事業が堅調に推移 - logmi Finance,0.830987036
2019-04-29,7776,セルシード,セルシード、通期は創業以来初の黒字化を達成 台湾での独占的事業提携契約が大きく寄与 - logmi Finance,0.655133784
2025-06-18,7777,スリー・ディー・マトリックス,3Dマトリックス決算、米国で内視鏡治療の止血剤が伸び売上高5割増 - 日経バイオテクONLINE,0.803991914
2023-06-01,7779,ＣＹＢＥＲＤＹＮＥ,サイバーダインが日米攻勢 売上高39％増達成のカギは？ - ニュースイッチ by 日刊工業新聞社,0.702328146
2023-12-15,7792,コラントッテ,コラントッテ、売上高は前期比+15.9% ホールセールの大口受注や認知度向上により、過去最高を継続更新 - logmi Finance,0.756790102
2025-02-13,7794,イーディーピー,世界最大級の大型ダイヤモンド単結晶基板を発売 - PR TIMES,0.643773019
2025-08-14,7803,ブシロード,ブシロード、営業利益が“451.6％増”で過去最高を更新 新作トレカ展開が牽引 - オタク総研,0.816247165
2023-11-10,7806,ＭＴＧ,MTG、売上22.8%増の601億円で過去最高 「ReFa」ブランドの売上43％増の422億円 - 日本ネット経済新聞,0.840232193
2022-02-08,7832,バンナムＨＤ,バンナムHD、第3四半期のIP別売上高を発表 「ウルトラマン」が92％増の123億円と大幅増 「ガンダム」もプラモ・フィギュア好調で12％増と拡大続く - gamebiz【ゲームビズ】,0.842526913
2021-08-30,7846,パイロットコーポレーション,SDGs文具が50万本売れた 海洋ごみ製ボールペンが法人需要で人気 - 日経クロストレンド,0.669131994
2022-06-23,7867,タカラトミー,タカラトミーアーツ、22年3月期決算は売上高36％増の290億円、経常益142％増の38億円と大幅増益 「ポケモンメザスタ」や『ワッチャプリマジ！』人気 カプセルトイ伸長 - gamebiz【ゲームビズ】,0.833687723
2025-05-12,7906,ヨネックス,ヨネックス、2025年3月期 連結決算──主力のバドミントンが好調、2ケタの増収増益を達成 - Apparel Business Magazine,0.809063375
2022-08-12,7911,ＴＯＰＰＡＮ,メニコンの1Q、海外売上高31%増 外出増え使い捨てコンタクトの販売好調 - ストレイナー,0.830261886
2024-08-08,7912,大日印,【大日本印刷の決算】4~6月純利益9%増で最高 スマホ向け部材堅調 - 日本経済新聞,0.827359617
2025-07-07,7936,アシックス,【材料】 アシックスが続伸、４～６月期オニツカタイガーの日本地域における売上高は７９％増 - かぶたん,0.82921946
2023-11-09,7944,ローランド,ローランド ディー.ジー.、3期連続の｢増配｣を発表し、配当利回りが4.5％に！ 配当額は3年で15倍に増加、2023年12月期は前期比25円増の｢1株あたり155円｣ - ダイヤモンド・オンライン,0.820229948
2024-02-17,7951,ヤマハ,ヤマハ発 23年度決算で過去最高に 二輪車の利益44.2％増加 24年も増収増益見込み - オートバイ流通新聞,0.814822853
2023-08-04,7974,任天堂,「ゼルダの伝説 ティアーズ オブ ザ キングダム」の累計販売本数がわずか2カ月で1851万本に到達、映画マリオも好調で任天堂の第1四半期売上高は前年同期比50％増の4613億円を記録 - GIGAZINE,0.835031569
2024-07-31,7988,ニフコ,ニフコ熊本、EVプラ部品工場増強 売上高2割増めざす - 日本経済新聞,0.814662337
2024-12-06,7994,オカムラ,イトーキ株が大幅続伸 大手証券が最上位判断で調査開始、オフィス家具が堅調 - QUICK Money World,0.757369816
2023-07-31,8001,伊藤忠,伊藤忠食品／4～6月営業利益57.1％増、コンビニ向け物流事業が好調 - 流通ニュース,0.835890889
2018-08-07,8002,丸紅,丸紅、1Q純利益は前期比62％増の868億円 四半期会計期間で過去最高益に - logmi Finance,0.832533896
2022-10-30,8015,豊田通商,豊田通商(8015)、13期連続となる｢増配｣を発表し、配当利回り4.1％に！ 年間配当は13年で12倍に増加、2023年3月期は前期比32円増の｢1株あたり192円｣に - ダイヤモンド・オンライン,0.819567084
2025-08-05,8020,兼松,兼松エンジニアリング、2期連続の｢増配｣を発表して、配当利回り4.7％に！ 年間配当は2年で1.3倍に増加、2026年3月期は前期比8円増の｢1株あたり58円｣に！ - ダイヤモンド・オンライン,0.81960696
2024-08-08,8031,三井物,自宅にある植物の数約2割増加／「植物が好きになった」Z世代が86％で最多、前年比14ポイント増／2024年は「集中力UP効果」がポイント伸ばす - PR TIMES,0.823921621
2023-01-25,8035,東エレク,1月のABEMA利用者数､W杯効果で前年同期比4割増で推移 - 四季報オンライン,0.836359978
2025-05-01,8053,住友商,決算:住友商事の純利益最高 26年3月期1%増、800億円自社株買い - 日本経済新聞,0.812145293
2025-04-30,8056,ＢＩＰＲＯＧＹ,決算:BIPROGYの純利益8%増 26年3月期、DX需要堅調 - 日本経済新聞,0.813286006
2022-12-13,8058,三菱商,三菱商事や三井物産、金属資源に注力 EV・風力発電で需要増 - 日本経済新聞,0.818279266
2019-01-30,8060,キヤノンマーケティングジャパン,キヤノンMJが新中期経営計画を発表、ITソリューションなど市場拡大領域での増収増益を目指す - クラウド Watch,0.799552858
2024-08-06,8078,阪和興業,鋼製野縁の提供を工務店にも拡大—大手では標準導入が加速 - 新建ハウジング,0.697558343
2024-05-13,8088,岩谷産業,岩谷産業の24年3月期、純利益48%増 コスモの投資益で - 日本経済新聞,0.791832209
2022-02-07,8098,稲畑産業,稲畑産業(8098)、4期連続となる「増配」を発表し、配当利回り5.4％に！ 年間配当は4年で2.7倍に増加、2022年3月期は前期比47円増の｢1株あたり110円｣に - ダイヤモンド・オンライン,0.81403023
2018-12-01,8111,ゴールドウイン,THE NORTH FACEの商標権を所有！自社販売の推進で営業利益82.1%増の「ゴールドウイン」 - ストレイナー,0.826995909
2023-11-07,8113,ユニ・チャーム,決算:ユニチャームの純利益16%増 1~9月、ペット用品増収 - 日本経済新聞,0.820291877
2019-12-19,8130,サンゲツ,サンゲツ/国内インテリア事業が好調で2Q売上高は前期比5.4％増 - logmi Finance,0.845122039
2023-06-09,8133,伊藤忠エネクス,「Salesforce B2B Commerce」を活用してB2B向けECサイトをリニューアルし売上増加、全社的なDX推進の機運を高めた伊藤忠エネクス カーライフ部門の取り組みとは - マイナビニュース,0.779869735
2024-08-02,8136,サンリオ,サンリオ、第1四半期決算は営業益80％増の107億円と大幅増益…店舗・テーマパークや国内外からの来店客増加で好調、ライセンスの収益性も向上 - gamebiz【ゲームビズ】,0.817414582
2023-07-31,8154,加賀電子,佐鳥電機、車載向け半導体と調達マネジメントサービスの好調などが貢献し、前年度比+16.3%の増収 - logmi Finance,0.810839415
2024-04-30,8174,日本瓦斯,日本瓦斯(8174)、5期連続となる「増配」を発表し、配当利回り3.6％に！ 年間配当は5年で3.9倍に増加、2025年3月期は前期比17.5円増の｢1株あたり92.5円｣ - ダイヤモンド・オンライン,0.818400025
2025-08-20,8194,ライフコーポレーション,ライフ／7月総売上高は745億円、既存店売上高3.7％増 - 流通ニュース,0.843897223
2025-03-31,8227,しまむら,しまむらnews｜24年度年商6654億円4.8％増･経常利益6.8％増の増収増益 - 流通スーパーニュース,0.840898097
2024-10-01,8233,高島屋,大手百貨店／9月売上高三越伊勢丹2.4％増、Jフロント6.2％増 - 流通ニュース,0.843002558
2025-08-05,8252,丸井Ｇ,決算:丸井グループ純利益28%増、4〜６月で最高に クレカがけん引 - 日本経済新聞,0.833305359
2025-06-03,8253,クレセゾン,クレディセゾンが代表電話に電話自動応答サービス「IVRy」を導入。80％の電話応答を自動化し業務効率化を実現 - PR TIMES,0.615869939
2019-04-30,8267,イオン,イオンモール、通期は増収増益で、営業収益・各利益とも過去最高に モール事業が堅調に推移 - logmi Finance,0.843688309
2020-03-31,8279,ヤオコー,スーパーマーケット／2月はヤオコー11.0％増、サミット12.1％増など22社増収 - 流通ニュース,0.845642865
2024-04-19,8304,あおぞら銀,主要金融機関の24年度採用実績 2年連続増、1万2539人 106機関が23年度上回る - nikkinonline.com,0.809339225
2024-10-29,8306,三菱ＵＦＪ,三菱UFJ証券の4〜9月期、純利益39%増 国内営業が堅調 - 日本経済新聞,0.844167948
2022-11-30,8308,りそなＨＤ,りそな社長、企業の承継支援強化－Ｍ＆Ａなど収益３割増の300億円ヘ - Bloomberg.com,0.814802468
2024-05-15,8309,三井住友トラ,【材料】 紀文食品---24年3月期増収・大幅な増益、国内食品事業の利益が好調に推移 - かぶたん,0.81433928
2021-11-12,8316,三井住友ＦＧ,三井住友FG(8316)、「増配」を発表し、配当利回り5.43％にアップ！ 年間配当額は1年間で10.5％増加、2022年3月期は前期比20円増の｢1株あたり210円｣に - ダイヤモンド・オンライン,0.820779681
2024-11-11,8331,千葉銀,千葉銀行4〜9月、純利益8.5%増の377億円 過去最高 - 日本経済新聞,0.829083025
2024-11-11,8354,ふくおかＦＧ,決算:ふくおかFGが配当積み増し 25年3月期、前期比20円増に - 日本経済新聞,0.820247293
2025-02-12,8410,セブン銀行,【QAあり】セブン銀行、連結業績は増収増益で着地 国内ATM事業の伸長や出資先株式売却益等を主因に増収増益 - logmi Finance,0.825889111
2021-02-05,8411,みずほＦＧ,"みずほFG、連結業務純益は前年比1,352億円増 顧客部門・市場部門のいずれも堅調に推移 - logmi Finance",0.835222065
2025-05-10,8424,芙蓉総合リース,芙蓉総合リース(8424)、21期連続｢増配｣を発表し、配当利回り3.8％に！ 年間配当は21年で19倍に増加、2026年3月期は前期比6.3円増の｢1株あたり158円｣に - ダイヤモンド・オンライン,0.819235802
2020-07-02,8425,みずほリース,みずほリース、通期は増収増益 当期純利益は前年比40％増と7期連続で計画を上回り最高益を更新 - logmi Finance,0.839702189
2025-05-15,8439,東京センチュリー,オリックスなどリース大手7社の純利益6%増で最高 25年3月期、航空機好調 - 日本経済新聞,0.83241117
2021-01-28,8473,ＳＢＩホールディングス,ＳＢＩ、4―12月期純利益は62％増の608億円 金融サービス事業好調 - Reuters,0.821226001
2025-05-10,8515,アイフル,アイフル、3月期は貸付金利息収入拡大 来期も増収増益見込み - 京都新聞デジタル,0.761207044
2020-10-25,8572,アコム,アコム（8572）、4期連続となる「増配」を発表し、配当額は3年で6倍に急増！ 2021年3月期は前期比で2円増の「1株あたり6円」、配当利回りは1.29％に！ - ダイヤモンド・オンライン,0.788354695
2021-03-23,8584,ジャックス,ジャックス(8584)、2期連続の「増配」を発表して、配当利回り4.5％に！ 年間配当は2年で1.3倍に増加、2021年3月期は前期比10円増の｢1株あたり105円｣に - ダイヤモンド・オンライン,0.815140426
2025-06-16,8591,オリックス,オリックス銀行社長「不動産･再エネ融資で3000億円」 24年度比5割増 - 日本経済新聞,0.834630966
2023-04-28,8593,三菱ＨＣキャピタル,本人確認の利用シーンが拡大し、2022年度のeKYC市場は前年度比51.2％増、2026年度には152億円に─ITR - IT Leaders,0.839981139
2024-12-06,8601,大和,大和ハウス工業、賃貸住宅事業 売上8.5％増 - 全国賃貸住宅新聞,0.828678012
2025-01-30,8604,野村,【決算】野村総合研究所が純利益上振れ 25年3月期16%増､金融向け好調 - 日本経済新聞,0.820795774
2025-05-20,8630,ＳＯＭＰＯ,SOMPOホールディングス、12期連続｢増配｣を発表、配当利回り3.2％に！ 配当額は12年で7.5倍に増加、2026年3月期は前期比18円増の｢1株あたり150円｣に - ダイヤモンド・オンライン,0.826132476
2024-06-17,8697,日本取引所,国内の予兆検知製品・サービス市場は2028年度まで年10.5％増で成長、社会インフラで需要増─デロイト トーマツ ミック研 - IT Leaders,0.841747522
2024-08-09,8725,ＭＳ＆ＡＤ,MS&ADや東京海上など3大損保、純利益54%増 4〜6月で過去最高 - 日本経済新聞,0.817760885
2018-11-27,8750,第一生命ＨＤ,第一生命HD、2Qの新契約年間換算保険料は43.8％増 マルチチャネル戦略奏功 - logmi Finance,0.798373461
2025-05-20,8766,東京海上,東京海上HD(8766)、6期連続の「増配」を発表し、配当利回り3.6％に！ 年間配当は6年で2.8倍に増加、2026年3月期は前期比38円増の｢1株あたり210円｣に - ダイヤモンド・オンライン,0.818458676
2024-12-03,8795,Ｔ＆Ｄ,日経平均は小幅に3日続伸、小売関連が堅調 円安も支え - Reuters,0.779810667
2024-08-02,8801,三井不,三井不動産の経常利益24%増、4〜6月決算で最高 オフィス好調で - 日本経済新聞,0.83541429
2025-05-13,8802,菱地所,今日の株価材料（新聞など、13日）菱地所、今期純利益3%増 自社株買い1000億円 - 日本経済新聞,0.780066431
2025-06-16,8804,東建物,建設好調で大幅増益／東建コーポ25年4月期 - re-port.net,0.7568326
2023-11-10,8830,住友不,住友不動産4〜9月、純利益が13%増 マンション販売好調 - 日本経済新聞,0.827246249
2025-05-09,8848,レオパレス２１,決算:レオパレス21の純利益1％増 26年3月期、社宅需要で - 日本経済新聞,0.778306484
2023-05-17,8850,スターツコーポレーション,決算発表のスターツ出版、書籍好調で純利益が前年同期比268.5％増に　マーケティング戦略が奏功か - リアルサウンド,0.833595455
2025-05-20,8876,リログループ,住宅手当拡充で社員支援 セブンイレブンは月6000円増 - 日本経済新聞,0.792390168
2020-12-23,8919,カチタス,カチタス/2Qの売上高は前年比3.9％増 - logmi Finance,0.842683196
2025-07-07,8923,トーセイ,トーセイ(8923)、5期連続の「増配」を発表し、配当利回り3.7％にアップ！ 配当額は5年で5.1倍に増加、2025年11月期は前期比19円増の｢1株あたり98円｣に - ダイヤモンド・オンライン,0.813704014
2019-08-01,9001,東武,東武／4～6月、流通業の売上高41.8％増の664億円 - 流通ニュース,0.841514528
2018-07-18,9005,東急,東急ストア／6月の既存店売上高1.5％増、食料品は1.7％増 - 流通ニュース,0.845399976
2025-02-12,9006,京浜急行電鉄,京急電鉄、運賃値上げなどで増収増益 ２４年４～１２月期、純利益２１％増 決算 - カナロコ,0.816623688
2024-11-20,9007,小田急,神奈川を走る大手私鉄４社、全社が増収増益 ９月中間、訪日客も寄与 決算 - カナロコ,0.776349247
2024-12-16,9008,京王,京王百貨店新宿店、24年上期は組織顧客の売上が好調に推移 - 週刊粧業オンライン,0.808928847
2022-04-13,9009,京成,新京成電鉄「ふなっしートレイン」5年ぶり運行 前回は利用者「1割増」効果も - 鉄道プレスネット,0.788523018
2024-10-31,9020,ＪＲ東日本,【決算】JR東日本の純利益19％増 4〜9月、新幹線需要が好調 - 日本経済新聞,0.834185958
2022-05-19,9021,ＪＲ西日本,JR西日本、「私鉄王国」関西でシェア拡大 増便など寄与 - 日本経済新聞,0.826050401
2025-04-30,9022,ＪＲ東海,JR東海、過去最高益 訪日客好調で新幹線利用増 - 47NEWS,0.835851312
2018-11-08,9024,西武ホールディングス,過去最多観客動員のライオンズ効果も　埼玉西武HDの営業収益は6.3％増の2832億円 - パ・リーグ.com,0.832853794
2024-06-26,9041,近鉄グループホールディングス,関西私鉄4社、負債10年で最大 今期末 再開発など設備投資71%増 - 日本経済新聞,0.824519694
2021-04-22,9064,ヤマトＨＤ,セブン＆アイHD、EC売上は3.9%増 「セブンネット」など2桁増収 - 日本ネット経済新聞,0.828431308
2025-05-12,9065,山九,山九決算、営業利益が前年比24.8％増 - LOGISTICS TODAY,0.827635705
2025-05-12,9069,センコーグループホールディングス,センコーGHD決算、M&Aの収益寄与で増収大幅増益 - LOGISTICS TODAY,0.782790542
2023-11-15,9090,ＡＺ－ＣＯＭ丸和ホールディングス,AZ-COM丸和HD、2Qの経常利益は前期比+41.5％ 積極的な事業拡大に伴う増収効果や生産性改善が寄与し大幅増益 - logmi Finance,0.803997159
2025-02-06,9101,郵船,海運3社、そろって上振れ 今期 日本郵船は純利益97%増 コンテナ船運賃、堅調に推移 - 日本経済新聞,0.846282482
2023-07-19,9104,商船三井,商船三井、個人株主増加数で首位 株式分割で22万人増 - 日本経済新聞,0.827362895
2025-02-06,9107,川崎汽,海運3社、そろって上振れ 今期 日本郵船は純利益97%増 コンテナ船運賃、堅調に推移 - 日本経済新聞,0.846282482
2022-01-31,9110,ＮＳユナイテッド海運,NSユナイテッド海運(9110)、「増配」を発表して、配当利回り9.4％に！ 年間配当は1年で3.3倍に急増、2022年3月期は前期比205円増の｢1株あたり285円｣ - ダイヤモンド・オンライン,0.796782494
2024-05-07,9119,飯野海運,川崎汽船 決算／3月期の売上高2.1％増、営業利益7.5％増 - 物流ニュースのLNEWS,0.841327429
2024-05-09,9142,九州旅客鉄道,JR九州の純利益2割増 24年3月期、鉄道事業が回復 - 日本経済新聞,0.794377029
2024-07-29,9143,ＳＧホールディングス,佐川急便等のSGホールディングス、営業利益は前期比5％増と伸長 2025年3月期第1四半期決算を発表 - ECのミカタ,0.819406211
2024-11-13,9147,ＮＸＨＤ,NXHD／10月の国際航空貨物取扱実績、グローバル合計37.4％増 - 物流ニュースのLNEWS,0.820078909
2024-11-23,9158,シーユーシー,【日本株】“利益を稼ぐ力（売上高営業利益率）”が高まっている2銘柄！ 中間決算が好調で、下期も業績の上ブレが期待できる「ディップ」と「マキタ」に注目 - ダイヤモンド・オンライン,0.749071121
2024-11-26,9162,ブリーチ,ブリーチ、商材ポートフォリオ拡大施策が業績へ貢献 コア商材が19商材に大幅増加し売上高は堅調に推移 - logmi Finance,0.841404438
2024-12-17,9163,ナレルグループ,【QAあり】ナレルグループ、技術者在籍人数や契約単価の伸長で大幅な増収増益を達成 四半期の売上収益は過去最高を更新 - logmi Finance,0.817819178
2025-02-19,9164,トライト,【QAあり】トライト、2024年12月期売上収益は、前年比8％増で着地 積極的な広告投資により医療福祉紹介事業が回復 - logmi Finance,0.828217328
2025-09-12,9166,ＧＥＮＤＡ,GENDA、25年8月度の月次売上高は前年同月比72%増の178億円…アミューズメント施設が84％増と急成長、カラオケも拡大 - gamebiz【ゲームビズ】,0.836489201
2024-04-18,9168,ライズ・コンサルティング・グループ,ライズ・コンサルティング・グループ、売上前年比29.3％増、営業利益31.1％増 来期は採用と営業の両輪強化で成長を推進 - logmi Finance,0.82444489
2025-05-28,9201,ＪＡＬ,JALグループ／4月の国際貨物13.6％増、国内貨物12.7％増 - 物流ニュースのLNEWS,0.837558627
2024-02-15,9202,ＡＮＡＨＤ,ANA国際線 羽田空港第2ターミナル出発便が10便増の、26便に拡大 - anahd.co.jp,0.783367693
2025-08-19,9204,スカイマーク,お盆期間の沖縄便 2025年の旅客数は59万人 前年比0.8%増 JALグループ・ANA・スカイマーク合計 - 沖縄タイムス社,0.800532401
2024-02-27,9211,エフ・コード,【QAあり】エフ・コード、売上収益は前期比約2.3倍、営業利益は約5倍 上場以降、顧客数が10倍に増加し成長を牽引 - logmi Finance,0.807852328
2025-08-09,9218,メンタルヘルステクノロジーズ,キリンホールディングス、「プラズマ乳酸菌」シリーズ 販売好調 免疫ケア需要で2割増 - online.bci.co.jp,0.795719326
2025-05-20,9223,ＡＳＮＯＶＡ,【QAあり】ASNOVA、売上高は前年比＋12.7%で過去最高を更新 M&Aが寄与し売上高、償却前営業利益ともに二桁成長を見込む - logmi Finance,0.792333782
2023-07-18,9227,マイクロ波化学,マイクロ波化学が大手企業と続々提携、化学工程のCO2排出を9割減 - 日経クロステック,-0.698615253
2025-02-14,9245,リベロ,リベロは一時Ｓ高、新規施策による成長見込み２５年１２月期営業益予想７６％増 (2025年2月14日掲載) - ライブドアニュース,0.755360842
2022-06-14,9251,ＡＢ＆Ｃｏｍｐａｎｙ,AB&Company、2Q累計は増収減益 オミクロン株の影響で営業利益は31％減少も、減益幅は縮小傾向に - logmi Finance,-0.727477372
2023-08-30,9252,ラストワンマイル,国内ラストワンマイル物流市場、23年度は9.7％増の3.19兆円と予測 - 月刊ロジスティクス・ビジネス（LOGI-BIZ）,0.824602604
2021-12-04,9270,バリュエンスホールディングス,三越伊勢丹、買取・引取サービス「アイム グリーン」が好調 単月黒字化も視野に - fashionsnap.com,0.727583766
2023-07-03,9272,ブティックス,【名古屋タカシマヤ】開業時より売上8倍以上と、伸長を続ける「ラグジュアリーゾーン」を1.5倍に拡大『ラグジュアリーゾーン大規模リニューアルグランドオープン』 - PR TIMES,0.751513004
2025-05-09,9302,三井倉庫ホールディングス,決算:三井倉庫の純利益2％増 26年3月期、物流事業が好調 - 日本経済新聞,0.833646476
2025-05-20,9338,ＩＮＦＯＲＩＣＨ,【QAあり】INFORICH、新体制での1Qは前年比売上高44％増、EBITA119％増と好調な滑り出し グローバルでの設置台数増加が加速 - logmi Finance,0.846771359
2025-02-28,9343,アイビス,【QAあり】アイビス、売上高は前年比17.3％増、営業利益は168.4％増と好調 「ibisPaint」新機能が寄与し、サブスク売上は2倍超へ - logmi Finance,0.849576056
2024-08-15,9348,ｉｓｐａｃｅ,【QAあり】ispace、Mission 2・3・6ともに順調に進捗 「宇宙戦略基金」始動によりビジネス機会拡大を展望 - logmi Finance,0.752966642
2025-07-10,9418,Ｕ－ＮＥＸＴ　ＨＯＬＤＩＮＧＳ,U-NEXT HD、第3四半期決算は売上高20.3％増の2834億円、営業益2.9％増の242億円と増収増益…動画配信サービスは過去最高業績 - gamebiz【ゲームビズ】,0.834923029
2020-07-28,9432,ＮＴＴ,2018年の国内AI特許出願は前年比5割増、NTTがトップに - 日経クロステック,0.841545463
2019-06-25,9433,ＫＤＤＩ,KDDI、通期は増収増益で着地 営業益は18期連続で増加し、今期は初の1兆円を突破 - logmi Finance,0.828037858
2023-10-30,9434,ＳＢ,【QAリンクあり】SBテクノロジー、エンタープライズ・公共が増収に寄与、子会社株式等譲渡により純利益は4.7倍増益で着地 - logmi Finance,0.826512814
2023-02-28,9435,光通信,QDレーザ、3QはLEW事業が前年比96%増と寄与 小型可視レーザのシェア拡大に期待 - logmi Finance,0.830937028
2024-04-25,9449,ＧＭＯインターネットグループ,「makeshop」、年間流通額が12年連続でEC構築SaaSで1位 2023年は3.2％増の3153億円に - 日本ネット経済新聞,0.815111339
2025-05-16,9467,アルファポリス,アルファポリス、25年3月期決算は売上高31％増、営業益41％増に アニメ化タイトルや新作タイトルが好調 - gamebiz【ゲームビズ】,0.841154099
2024-10-28,9501,東電ＨＤ,プレミアＧが急反発、クレジット債権残高順調に積み上がり上期営業利益４７％増 - みんかぶ,0.823314011
2023-03-23,9502,中部電,中電グループ２０２４年度採用計画 新卒は前年度比４０人増の４４０人 - 中日新聞Web,0.807148814
2020-09-28,9503,関西電,経営者「規制緩和を」9割 「景気拡大」38%に増加 - 日本経済新聞,0.784683108
2022-11-25,9506,東北電力,中国電も規制料金の値上げ申請、家庭向け31%増に 43年ぶり - 朝日新聞,0.788094342
2023-08-31,9507,四国電力,四電工、株主還元方針の変更による｢増配｣を発表し、配当利回り5.0％に！ 年間配当は1年で1.3倍に増加、2024年3月期は前期比30円増の｢1株あたり120円｣に - ダイヤモンド・オンライン,0.825208604
2024-06-18,9508,九州電力,九州電力、送配電に100億円超 半導体向け需要増で - 日本経済新聞,0.797700644
2021-08-05,9509,北海道電力,関西電力社長「新規事業への投資増やす」8割増の90億円 - 日本経済新聞,0.823098421
2021-08-12,9513,電源開発,電気の「質」水力で訴求 中部電、再エネ8割増へ - 日本経済新聞,0.803822756
2024-09-03,9531,東ガス,電力・ガスM&A数最高 再生エネの取得鮮明 1～6月前年同期比26%増の49件 - 日本経済新聞,0.843127131
2025-07-31,9532,大ガス,決算:大阪ガス純利益58％増 4〜6月、米LNG事業が好調 - 日本経済新聞,0.829126298
2023-07-27,9553,マイクロアド,"インターネット広告事業、四半期売上は1,054億円で前年比9.1％増－サイバーエージェント23年9月期第3四半期決算[ニュース] - Exchangewire Japan",0.794431269
2025-09-25,9556,ＩＮＴＬＯＯＰ,【QAあり】INTLOOP、売上高・営業利益ともに前年比2桁増で過去最高を更新 主要顧客の伊藤忠商事グループや大手SIer売上が伸長 - logmi Finance,0.831912339
2024-07-26,9558,ジャパニアス,【QAあり】ジャパニアス、IT関連需要増加を受け、更なる成長に向け積極的なエンジニア採用を実施 売上高は順調に推移 - logmi Finance,0.820255339
2024-10-11,9560,プログリット,プログリット､2025年8月期も大幅な増収増益が続く見通し - 四季報オンライン,0.725079179
2025-09-16,9561,グラッドキューブ,クラウドPBX「INNOVERA」と「HENNGE One」の連携サービスページを公開しました。 - PR TIMES,0.623145759
2025-01-15,9602,東宝,東宝株価7％高 「名探偵コナン」の映画好調、3〜11月営業益27％増 - 日本経済新聞,0.832257211
2024-08-07,9684,スクウェア・エニックス・ホールディングス,スクエニが2025年3月期第1四半期の決算を発表、営業利益は前年比250%増。MMOや出版が好調で増益に - ファミ通,0.834819138
2025-05-13,9697,カプコン,カプコン、25年3月期決算は売上高11％増、営業益15％増 大型新作『モンハンワイルズ』の投入で4Qに伸長 今期も2ケタ増収・営業増益を見込む - gamebiz【ゲームビズ】,0.831967473
2025-07-30,9719,ＳＣＳＫ,ＳＣＳＫが上場来高値を更新、ＩＴ投資需要追い風に４～６月期営業利益５６％増 - みんかぶ,0.828649163
2024-02-08,9735,セコム,決算:セコムの4〜12月、純利益6％増で過去最高 - 日本経済新聞,0.821759343
2024-12-25,9744,メイテックグループホールディングス,【神奈川県西部】「従業員の多い企業」ランキングTOP30！　第1位は「メイテック」【2024年最新調査結果】（1/3） | 神奈川県 ねとらぼリサーチ - ねとらぼ,0.605768919
2025-06-04,9759,ＮＳＤ,中堅SIerの24年度売り上げは2年連続1桁成長、営業利益率は11％超に - ZDNET Japan,0.752202034
2022-07-01,9766,コナミＧ,コナミG、22年3月期のゲーム事業の研究開発費は31％増の354億円と大幅増 「遊戯王マスターデュエル」やパワプロシリーズが成果物 - gamebiz【ゲームビズ】,0.82461071
2018-06-28,9843,ニトリＨＤ,ニトリ／3～5月、客数増加や通販事業好調で営業利益18.3％増 - 流通ニュース,0.842228055
2023-02-21,9962,ミスミグループ本社,CCT、通期決算は前期比で大幅な増収増益 DX支援・IT人材調達支援いずれも順調に推移 - logmi Finance,0.829881668
2023-10-12,9983,ファストリ,ファストリnews｜年商2兆7666億円20.4%増･営利28.2％増/海外が牽引 - 流通スーパーニュース,0.829222679
2023-09-15,9984,ＳＢＧ,ソフトバンクグループ、虎の子アームで攻勢 上場資産8兆円増 - 日本経済新聞,0.812797427
2025-08-18,9989,サンドラッグ,サンドラッグnews｜第1Q売上高2077億円6.7%増･経常利益14.1％増 - 流通スーパーニュース,0.842660606
2025-02-17,9999,TOPIX 市況,【日本】2024年10～12月期の実質GDPは前期比年率2.8％増 - マネクリ,0.820135117
